2-AV,4-VA,5-VLa,6-VLP,7-VPL,8-Pul,9-LGN,10-MGN,11-CM,12-MD-Pf,13-Hb,14-MTT,Code,group
172.0009503005776,378.0020884512694,90.00049725030223,996.0055029033447,454.0025083515246,1351.0074642795369,158.00087295053058,69.0003812252317,157.00086742552722,605.0033426270317,23.000127075077238,49.00027072516455,sc19,sc
150.99983775471878,308.9996679881331,72.99992156353954,757.9991855501778,279.9996991478229,1003.9989212300508,105.99988610596154,43.99995272322931,108.99988288254535,448.9995175620446,20.99997743608672,45.999950574285194,sc13,sc
142.00058719061929,315.00130257074,59.000243973567166,808.0033411973267,292.0012074624002,1015.0041971723844,79.00032667647129,39.00016127066304,104.00043005510145,403.0016664635181,20.000082702904123,33.000136459791804,eb13,eb
136.99952194223275,328.99885196346406,82.99971037376145,883.9969153060858,403.99859025300754,1458.9949088592525,140.99950798434173,60.99978714216203,142.99950100539624,621.9978295479473,17.999937189490435,56.99980110005304,sc14,sc
126.99956077256905,265.9990800433336,73.99974407220559,806.9972090036475,356.99876532131617,1241.9957045632343,104.99963685921064,65.99977174007526,131.99954348015052,526.9981773790857,16.99994120577696,41.99985474368425,eb21,eb
245.00101258994243,497.0020541110261,115.00047529731992,1211.0050050874297,560.002314491297,2106.008704140485,167.00069021436892,99.00040916899715,225.00092992953898,784.0032402878157,17.000070261342945,69.00028517839195,sc07,sc
147.00057832348577,357.001404499894,71.00027932630945,829.003261429726,288.0011330419313,943.0037099254904,82.00032260221656,45.00017703780177,98.00038554899052,389.00153039344195,11.0000432759071,30.00011802520118,eb04,eb
141.99995348420617,290.99990467538026,70.99997674210309,823.9997300773654,311.99989779628396,1101.9996390112337,109.99996396663859,50.999983293623345,123.99995938057441,489.9998394877537,14.999995086359807,39.999986896959484,sc09,sc
148.99971810810888,361.999315135137,73.99986000000038,959.9981837837888,368.9993018918938,1181.9977637837899,120.9997710810817,61.999882702703026,158.99969918919,588.9988856756787,25.999950810810944,55.999894054054344,sc03,sc
115.9996543653112,286.99914485210616,75.99977354968665,762.9977265580383,376.9988766872614,1333.9960252010787,113.99966032452997,69.99979142734297,135.99959477312348,541.9983850517127,24.999925509765344,39.99988081562455,sc22,sc
169.99963689298102,411.9991199994599,89.99980776687231,894.9980883483413,419.9991029120707,1633.9965099007704,138.99970310661388,70.99984834942148,153.99967106775927,645.9986201933278,16.999963689298102,49.99989320381795,sc10,sc
208.00012149409798,429.00025058157706,96.00005607419907,1006.0005876108777,377.00022020805255,1428.000834103711,117.0000683404301,70.00004088743682,145.00008469540484,555.0003241789633,21.000012266231046,54.00003154173697,eb03,eb
205.99863305447997,406.9972992872493,71.99952223263378,904.993994729633,287.9980889305351,917.9939084660807,95.99936297684503,46.999688124080386,101.99932316289785,428.99715330277627,12.999913736447766,44.99970139539611,sc04,sc
151.99970585268125,321.99937687212736,57.999887759575735,816.9984189581617,330.9993594555098,1232.9976139233945,79.99984518562171,50.99990130583384,132.9997426210961,458.9991117525045,15.999969037124341,45.999910981732484,eb01,eb
185.99945628708932,394.99884534086175,94.99972229716928,1001.9970709659328,460.9986524104741,1542.9954895213916,153.99954982909546,64.99980999280004,140.99958783053546,562.9983542453296,21.99993568987078,44.99986845655387,sc06,sc
116.00020844925979,275.0004941685038,57.000102427653516,723.0012992139209,274.00049237152746,985.0017700217318,82.00014735206295,45.00008086393699,101.00018149461413,446.0008014514643,22.000039533480304,44.00007906696061,eb18,eb
174.00019526433593,324.00036359566,86.00009650995914,964.0010818093094,331.0003714511218,1001.0011233310361,99.0001110986739,40.00004488835309,119.00013354285043,494.00055437116066,10.000011222088272,51.000057232650185,sc15,sc
131.00009643827258,348.0002561871668,77.00005668509151,880.0006478296173,367.0002701743972,1385.0010195954771,98.00007214466193,65.00004785105128,167.00012294039328,607.0004468552019,23.00001693191045,48.00003533616094,eb12,eb
158.9997654757235,347.9994867015835,76.99988642535038,856.9987359288996,363.9994631016563,1296.9980869309018,108.99983922549599,59.99991150027302,137.99979645062794,583.9991386026574,14.999977875068256,46.99993067521387,eb20,eb
155.99936890554886,377.99847080959916,74.99969658920618,840.9965977536319,352.99857194653043,1364.9944779235525,129.99947408795737,72.99970468016068,137.99944172413936,568.9976981234443,14.999939317841235,54.9997774987512,sc12,sc
149.99996037356942,376.99990040557117,84.99997754502267,864.9997714875838,392.9998961787519,1466.999612453509,111.99997041226517,61.999983621075366,146.99996116609805,611.9998383241633,12.99999656570935,54.99998547030879,sc18,sc
123.0001206177128,283.0002775188026,58.000056876645054,702.0006884035315,282.0002765381708,1035.0010149539246,71.0000696248586,43.000042167167884,99.00009708254932,423.00041480725616,16.00001569010898,34.00003334148158,eb15,eb
192.0003075443252,439.00070318728524,102.00016338292276,1002.0016049969471,423.00067755859146,1476.0023642469998,123.00019702058333,68.00010892194851,151.00024187079742,641.001026749544,24.00003844304065,63.00010091298171,eb06,eb
186.99871594912395,394.9972877000212,75.99947813975092,967.9933531484064,368.997466231159,1166.9919866985435,105.99927214228417,62.99956740531984,120.9991691435508,461.9968276390121,17.999876401519952,50.999649804306536,sc01,sc
163.00083586480898,335.0017178816626,74.00037947236727,875.0044870043428,351.00179992974205,1228.0062971900948,91.00046664845165,52.000266656258084,115.00058972057076,494.0025332344518,14.000071792069484,43.00022050421342,eb08,eb
165.99960908284962,390.99907922526626,101.99975979789555,1031.9975697198843,400.9990556760403,1350.9968184995773,125.99970327975332,55.99986812433481,138.99967266575962,659.9984457510889,12.999969386006295,51.99987754402518,sc05,sc
160.99988423151353,403.9997095001954,87.99993672281485,882.9993650709717,317.99977133926274,1151.9991716441216,106.99992306069532,56.99995901364144,131.99990508422226,540.9996109891231,18.99998633788048,55.99995973270036,eb02,eb
111.0002347978921,291.0006155512306,86.00018191548396,834.0017641571352,394.00083342675214,1408.0029783372258,126.00026652733698,62.00013114837216,146.0003088332635,630.0013326366849,20.000042305926506,41.00008672714933,sc16,sc
132.9997410565453,279.99945485588484,63.99987539563082,784.9984716495343,357.9993029943099,1352.997365785758,93.99981698733278,59.999883183403895,137.99973132182896,518.9989895364437,21.999957167248095,44.999912387552925,eb23,eb
191.00038974081528,411.0008386569376,115.0002346607003,1112.0022690669455,477.0009733317743,1676.0034199246409,124.00025302545076,83.00016936380979,188.0003836192318,778.0015875306507,22.00004489161223,60.00012243166972,eb16,eb
123.00032901430441,380.0010164669567,85.00022736760873,1014.0027123618265,395.00105659065235,1462.0039107228702,108.00028889060874,64.00017119443481,152.00040658678267,582.0015567993916,22.000058848086965,54.00014444530437,sc11,sc
148.00003096614398,327.00006841843975,75.0000156923027,842.0001761722515,345.0000721845924,1352.00028287991,133.00002782768343,66.00001380922637,123.00002573537641,570.0001192615005,20.00000418461405,49.00001025230443,sc02,sc
132.99943196962542,290.99875716662405,78.99966259849931,794.9966046304677,320.9986290394719,1217.9947980376223,118.99949176229643,55.99976082931597,125.99946186596092,488.9979115274198,14.999935936423919,47.999794996556545,sc08,sc
152.99985613196242,402.99962105346964,72.9999313570801,844.9992054346944,294.99972260737854,1125.9989412064685,97.99990784923082,51.9999511036735,130.99987681886978,572.9994612000945,16.99998401466249,54.99994828273159,eb05,eb
