subject,ROI_2,ROI_4,ROI_5,ROI_6,ROI_7,ROI_8,ROI_9,ROI_10,ROI_11,ROI_12,ROI_13,ROI_14,ROI_16,ROI_18,ROI_19,ROI_20,ROI_21,ROI_22,ROI_23,ROI_24,ROI_25,ROI_26,ROI_27,ROI_28,group
sub-eb01_log_jacobian_masked.nii.gz,-0.03403882583165553,0.09546947019465817,0.23646179098742007,0.11773707957048403,0.10385064861363433,-0.075879117391443,-0.04258475426993644,0.0030997201839376193,-0.0977929722338058,-0.1961607896583392,0.08516463052900324,0.0318865242016143,0.015867057219844105,0.09158269818723043,0.04327140557805677,0.06958778292259439,0.046202049665066705,-0.01969133751914741,-0.23775610549797443,-0.028538310032895826,-0.026284147458891908,-0.18148310649696509,-0.1531142982057696,0.06966099385084601,eb
sub-eb02_log_jacobian_masked.nii.gz,0.09110973774607542,0.19763337838033143,0.14895324300328752,0.12813502501152668,0.08042406614643319,-0.14930550473830742,-0.07043457080533523,-0.009290218384870983,-0.04585490778124119,-0.0923825766692551,-0.2588099167071931,0.04129093058977311,0.05785398971891298,0.18229700343451932,0.21074503733067307,0.08834385172983894,-0.03346178182680187,-0.18246331047644748,-0.08475693975217367,-0.0970708558319394,-0.0082281772558924,-0.12106486269294373,-0.21476105503946968,0.024454941212099807,eb
sub-eb03_log_jacobian_masked.nii.gz,0.12141002078740551,0.1718276405037479,0.1462955787052152,0.1609981984708121,0.09358776287101685,-0.0017864293862851707,-0.10864908842991894,0.1086674299220622,0.04868736128227568,-0.1559232831461432,-0.09677852751469596,-0.04546992306924772,0.09329480361107735,0.17881359636290065,0.22898219979777304,0.13254468908552772,0.05124335753986839,-0.05053018877260291,-0.0550692723216801,0.08272050952365585,0.04200604969719949,-0.15901837422294654,-0.18471136291693602,-0.05233312626224887,eb
sub-eb04_log_jacobian_masked.nii.gz,0.024673416324761284,0.1640196182908081,0.18436539287987394,0.18155603728227204,0.1370893321096916,-0.04256267263405467,-0.03783129082965976,-0.024401012992479588,0.03284725453543249,-0.11034244495422582,-0.17718997581768572,-0.07481423917815416,0.10327471771836091,0.26209169671583527,0.13321834514890601,0.13474721668500358,0.041271435562629875,-0.14820829813855305,-0.08585809217765338,-0.05024978666613855,-0.01884236915623949,-0.25749810397821316,-0.33819979309930154,-0.02977072912007673,eb
sub-eb05_log_jacobian_masked.nii.gz,0.03797969204656464,0.16727993390892484,0.18379819356945232,0.0637500874292172,-0.021959499592727638,-0.15673636832766266,-0.21624847255392277,-0.06660296992200757,0.0011492637388238697,-0.10269933360516553,-0.24041843310480868,0.0524189987854473,-0.007592260322710952,0.15637917793050773,0.16443655642675808,0.0762842424707393,0.012284911410623225,-0.13475617655729205,-0.04164103525865847,-0.04324598660190837,0.038861485334661154,-0.0664838088850868,-0.20338399512088295,0.055456590118345764,eb
sub-eb06_log_jacobian_masked.nii.gz,-0.13697289305922283,-0.026895171475396107,0.17738150290061322,-0.0029761869598168185,0.07223147345389543,-0.0057731382144957325,-0.04693773280133397,0.07889022334368977,0.029518117837592728,0.0001998894908340453,0.052077104123952285,-0.09351202702243469,-0.016373673639783575,0.15650308987568431,0.15209493627229992,0.07782078076585285,0.09300708039128772,0.009675785007201744,-0.020924704415938827,0.09079368717939625,0.06709540887166006,-0.036939859682019544,-0.094846009791774,0.012693992820639878,eb
sub-eb08_log_jacobian_masked.nii.gz,-0.06363952017048662,-0.04340013364687456,0.1204026197956528,-0.0034549803026233733,-0.03857785905642962,-0.16168732483380813,-0.4033648132845462,-0.08934830616217636,-0.05698906338117797,-0.10431008492212068,-0.10952782576486035,-0.0969234200205084,-0.004532966588213171,-0.025759785315053407,0.07178408190235837,0.06360814024194841,0.01652538404711271,-0.09841590464752131,-0.3117340753232986,-0.1747332772833638,-0.07504179628833782,-0.1855966230842442,-0.2763109499267589,-0.0957136744934718,eb
sub-eb12_log_jacobian_masked.nii.gz,-0.2067404225813839,-0.06813267472925591,0.13708203296775806,0.014267138835759344,0.06431249086738976,-0.031498442877237076,-0.08368087423711558,0.18879618754028799,0.13019216163058325,-0.05299853304980553,0.09102858930288728,0.010135720540757814,-0.1534974091378709,0.03278914940247983,0.19467757084852308,0.054457137574189525,0.032243293345447455,-0.012608962685272307,-0.2356011074460115,0.1838532461854549,0.21590024428041082,0.024070973881430695,0.05982554177427001,0.0828258427194532,eb
sub-eb13_log_jacobian_masked.nii.gz,-0.004599860592154683,-0.021106601506252626,0.12655242558841245,0.08331951929613401,0.056244554171925004,-0.015542409038494746,-0.16741895086157058,0.024486365264733335,-0.04778494637108337,-0.11445890772258929,0.16964353686902076,-0.017249279454972028,0.14114525322834037,0.15310435657912022,0.18077836327027125,0.19653573008683767,0.07360976624559616,-0.04658423584424256,-0.21021224103078054,-0.04899647881685409,-0.03381085224082822,-0.157414135624804,-0.17722875823777404,-0.07543089938729246,eb
sub-eb15_log_jacobian_masked.nii.gz,0.009091676181642827,0.15488968614169057,0.14747942755194465,0.0991689939864478,0.0820563687631576,-0.0853995433076984,-0.1347602739369385,-0.026543907545809934,-0.06655714102087071,-0.14519371795589353,-0.030233359040585654,-0.021491784737540497,0.016337069849006576,0.0904604688251684,0.06086704386246887,0.08078157669696642,0.05742296030747581,-0.06689870819203549,-0.23721481639919337,-0.07016723157995368,-0.07668896867429469,-0.1523619093209796,-0.12924041016171484,-0.01763188654861832,eb
sub-eb16_log_jacobian_masked.nii.gz,-0.06463054077988076,-0.053570266536851936,0.12776774116159093,0.007228027625460693,0.11166434012917544,-0.06827100314282446,-0.07110264670376941,0.06514932735109004,0.04712097796199165,-0.050197826793352496,-0.00909975906717674,-0.142469714447676,-0.044935029526583285,0.0436970758792362,0.21320326226456132,0.04149666778041424,0.08808828024769351,-0.03793894621868296,-0.0829096842168249,0.04336923450275776,0.12391001264497764,-0.0021106979253315006,-0.0442458566348223,-0.04234301703077297,eb
sub-eb18_log_jacobian_masked.nii.gz,-0.06713374148098093,0.009393031074030717,0.1640898687208685,0.005675785646117194,0.04832250348593513,-0.09794935806697506,-0.15159073276912555,0.03017728715788863,-0.043454092496752146,-0.16102420544466417,0.04082001006463717,-0.03704960601688478,-0.05399320923062591,0.033615354628887796,-0.022717722702243818,0.04881139547619589,-0.023643505158874426,-0.1180167471655913,-0.17803671205270258,-0.024301475795934623,0.0012923592267151448,-0.10287751956652358,-0.13196478504646195,-0.02419249449219208,eb
sub-eb20_log_jacobian_masked.nii.gz,-0.09763067256138853,0.0014555652745807499,0.24036644983679953,0.08471215708115627,0.09869810989453179,0.008033917702693716,-0.04956905263271298,0.01835083402377109,0.027681053703755808,-0.026987064965177127,-0.08995277141344135,-0.11846285113139646,-0.06852985507408596,0.018172384754053156,0.19083224473419064,0.04487557243073246,0.052504056833349355,-0.05485555824601142,-0.10176131825003489,-0.0022373410703360476,0.0011432568150402942,-0.054797091523351764,-0.1748380197387214,-0.11066627932214741,eb
sub-eb21_log_jacobian_masked.nii.gz,-0.10359489804791222,-0.013299664552556318,0.2223458342787934,0.060213999076643585,0.14785712742319862,0.04612063827733559,-0.004553926691798958,0.2232271732222662,0.11571656960984572,-0.04319383990463463,0.03943408425847498,0.054491622618125596,-0.09208769334046768,-0.04018449373011488,0.21670853673935025,0.11972145725430787,0.19007599394455119,0.097644923530355,0.01549625004088636,0.13526931307228585,0.18220727527895222,0.00026577430332219774,0.007749448851526521,0.006949597051902736,eb
sub-eb23_log_jacobian_masked.nii.gz,-0.18913849392304208,-0.14049720312904426,0.04918175653499266,-0.006086331436453839,0.11039929912274192,-0.05265942887381591,0.03624934748860872,-0.0001190690417018348,-0.04737712943276834,-0.2007802056552239,-0.12690424499030933,-0.10579120569023204,-0.14348759060300065,-0.09204105661650326,-0.04208827808980032,0.01986843465070652,0.10606121226540434,0.015126086426839271,0.01191901784546118,0.07225295197328632,0.09839918677482758,-0.07727287317799605,-0.12171271221364936,0.08960989109984148,eb
sub-sc01_log_jacobian_masked.nii.gz,0.28153802601212063,0.25895224880516476,0.2990231643732723,0.2247504443562027,0.09468465640245612,-0.17170311056591017,-0.14507345982818862,-0.06109527276345473,-0.09263181003775131,-0.11727158466414313,-0.12848301430775963,-0.05700134082128196,0.20444713834268607,0.18387252501932472,0.30175281249421526,0.19378241373742722,0.145020259509824,-0.0962494258143798,-0.1451675425193806,-0.04724402818758483,-0.01001687670287149,-0.1764655191338592,-0.30134302973092125,-0.08118453312662433,sc
sub-sc02_log_jacobian_masked.nii.gz,-0.05956671210147972,0.04088238453565416,0.20851116986833032,0.053572472566657224,0.09844496891480968,0.07163838188156932,0.09636997304967304,0.33670549365153807,0.12684521414624728,0.0758414754883066,0.12056598855336546,-0.04294784492464942,0.04687242217264858,0.12137639128136443,0.26825694508660497,0.06358730004423999,0.11879858399203595,0.011326772626693862,0.14579313571821914,0.17329515686411648,0.08124180678638573,-0.018384552334496602,-0.009911928888673946,-0.03280025219854295,sc
sub-sc03_log_jacobian_masked.nii.gz,-0.060574833324469377,-0.03727646819001936,0.05717871770826089,-0.02114855103176872,-0.03802634749215901,-0.23950354403778,-0.15062173506067678,-0.08267635752112842,-0.0336910344296586,-0.2279625434138791,-6.699967100442582e-05,-0.0168401164807513,-0.024829721663705055,0.010739234890706124,-0.017021182139927035,0.06691159247197496,0.020841206675650144,-0.1676979150546821,-0.10224031966737153,0.0307420918918707,0.10199998344705875,-0.0941454619816524,-0.12027773280783724,0.03537332846373144,sc
sub-sc04_log_jacobian_masked.nii.gz,0.3023173973504187,0.4057781248713199,0.1312185730891056,0.16587434277087865,0.009903704285471637,-0.17443808104515393,0.004130202837048713,-0.14951166686172027,-0.04189611681764142,-0.11915372584534183,0.03288529546276957,0.17198523074933042,0.34765482571713274,0.35435962194176335,0.12463630162158804,0.18637219844481942,0.0031262377982261692,-0.2353031779240029,-0.026432443356003258,-0.2048560163292391,-0.10053256610517367,-0.14751526424406775,-0.22242451065814375,0.1367986710270158,sc
sub-sc05_log_jacobian_masked.nii.gz,-0.0721968997872862,-0.0024874974870869944,0.19112944327433995,0.11370155827422773,0.21219279204409053,0.05981785502544748,0.15396901813687267,0.12892652767386295,0.19087965884430966,0.05985590940828085,-0.04850190934808837,-0.011213189520782159,-0.04318476756703864,0.1390618990314793,0.2892883803905942,0.152565358497566,0.16884964771558125,-0.029187045761388652,0.06447615556648079,-0.0005141783774553011,0.08894783630818774,0.007198123516627524,-0.12702717349069947,0.11005485947467349,sc
sub-sc06_log_jacobian_masked.nii.gz,-0.017553425119945072,-0.023276227846559774,0.13005863217244554,0.0001273830374881936,0.0440750120863697,-0.008711733768901447,0.027916025446331764,0.0910219176981746,0.01258826387669585,-0.15742265988627932,-0.12945471004342715,-0.08121976396111111,-0.005456324352407094,-0.02003556659045423,0.0850179584667924,0.021832859489386007,0.06965955889757111,-0.023006953759280933,0.033024098580750026,-0.06741995812249386,-0.047733902013017485,-0.2453475789501356,-0.2843007468063157,-0.11661551180512694,sc
sub-sc07_log_jacobian_masked.nii.gz,0.10818738613539089,0.2665020961273473,0.30331622751266824,0.17689228680172125,0.18330185782598699,-0.04070009579091523,0.024884362469303672,0.06122559620667607,0.019130485336383653,-0.0834197429428746,-0.11834869778358537,-0.009546491362453216,0.1429990041401744,0.12169026702545144,0.26622113798412,0.09865245640011266,0.15364624354244616,0.08147942174928768,0.08107788456105365,0.18926764818251576,0.13828321521784145,-0.030753367331582654,-0.06527401836038504,0.004144383285832676,sc
sub-sc08_log_jacobian_masked.nii.gz,-0.04755251090530435,0.08560485971195193,0.1611271262652312,0.062305454962475075,0.06993690115636901,-0.03325281253407601,0.0866085822556905,-0.0269890716302515,-0.023762064855036475,-0.1412173219388375,-0.21540423801371308,-0.010342095364771112,-0.06283205536262056,0.0034672239415036257,0.11246672437885583,0.007692679527799108,0.040221603545095526,-0.07548219675985643,0.0849796221107353,-0.05139872098720322,0.02065762485303224,-0.0957304226292852,-0.2437456686214864,-0.00619946695082461,sc
sub-sc09_log_jacobian_masked.nii.gz,0.014198309888452497,0.04192674431829226,0.13077441323444758,0.13696838751072304,0.20460599308659075,0.00561676590113287,0.13631902658428502,0.011897668271548586,0.1034941769669386,-0.002337998092130057,0.11213790032650395,-0.00995644416664762,0.03275036349071096,0.05908668165736301,0.1588310918238793,0.12515265187694505,0.1039597407184733,-0.09300535632126697,0.10800492358398542,-0.04270142548414803,0.011535485113539518,-0.10617113905368437,-0.13861766932356107,-0.040978924805609857,sc
sub-sc10_log_jacobian_masked.nii.gz,-0.015472944819953881,0.10858789417389066,0.16443148861384235,0.05984585771190402,0.07310192662264178,-0.006430612082827589,0.15852016576451425,0.046601143100911104,0.017400483807360673,-0.010570977661221016,-0.14209536850936774,0.02951874075300938,0.021018091263130204,0.13447786727534358,0.1160842976652276,0.06512584844047345,0.16740085246826025,0.07364596518371609,0.187947347037448,0.07107410541927897,0.11637742437677265,0.0521936823329,-0.10018429140653123,0.10998952191760356,sc
sub-sc11_log_jacobian_masked.nii.gz,-0.2409262031413941,0.016600469565221165,0.1329643692521893,0.053367606420178335,0.17085647598262585,-0.007292388032197685,0.09195038012480058,0.12419493076916945,0.06912821517906169,-0.1511621266912576,0.057735929962635144,0.018742004066040457,-0.1754104919496823,0.0863062123499968,0.15801491039421892,0.08507669344691397,0.13905292913194747,-0.030083205607330816,-0.005102992642739405,0.08148798981058221,0.06003072638932656,-0.14374785040504137,-0.10893223731234405,0.07454258441645525,sc
sub-sc12_log_jacobian_masked.nii.gz,0.11065976916468906,0.22279263094284257,0.23546433064039327,0.0814192522201863,0.05768251888427492,-0.07805468633397111,-0.11108295314255823,-0.021658678629826,-0.08814791259234125,-0.17400456627670602,-0.2078734038069437,-0.010495650974016578,0.09499481661164373,0.14449468058982612,0.22022148247625045,0.02652226031674408,0.01612254718570519,-0.057975433019829,0.03887311905507193,0.08897149201924764,0.025497073273386548,-0.11143205693418498,-0.20459580093843013,-0.021919201459999236,sc
sub-sc13_log_jacobian_masked.nii.gz,0.01241407501038983,0.03174048046071695,0.19691348396879313,0.1529045844752778,0.07587781801162895,-0.08390564947659988,0.13225168324371483,0.05492099060777208,0.0032616846185726934,-0.06735007279443966,0.011484777988061278,-0.09365319257722024,0.05380488322535396,0.16629800082216756,0.29858011756860403,0.11590320588632369,0.0772031470331287,-0.09833314710215973,0.09406766438643349,-0.02568374775808258,-0.04056897558257874,-0.1344511563115856,-0.17889994266178602,0.018589017902465067,sc
sub-sc14_log_jacobian_masked.nii.gz,-0.16257297975751425,-0.05673798078974617,0.2103859773563937,0.10046541197810435,0.23215468274542814,0.11474901127067738,0.1264467226584194,0.1197509779498914,0.15212631312382607,0.02534698229468561,-0.11151857147611753,-0.026113290893228173,-0.18054318845711947,-0.002017709343712951,0.22616878506670673,0.06299963972574059,0.09677800075031595,-0.013059019146437778,0.16457617830810994,0.06872006729419176,0.12117596253354436,-0.015000577264322102,-0.1166651842192987,0.0776217696363175,sc
sub-sc15_log_jacobian_masked.nii.gz,0.059501973035122016,0.08050796690974824,0.2893533953968605,0.1972527103223423,0.08893021227421719,-0.1217941394024598,-0.005578685531730236,-0.09559180524145866,-0.0008182730802800762,-0.04265046553241251,-0.24939372047199643,0.016020749913841437,0.10989230782754403,0.09246124198476315,0.2345585660532589,0.25795040356215565,0.1422554149048156,-0.12089649837802528,-0.04085455953865983,-0.11609831416486575,0.07077198781824795,0.004123354175051509,-0.23737383122727482,0.016887813474097145,sc
sub-sc16_log_jacobian_masked.nii.gz,-0.24753263591532115,-0.08483469233419856,0.09649626983080554,-0.06367648878203451,-0.0021264636241924042,-0.14932298202792452,0.002220678593156989,-0.0560351974197215,-0.03422277571043828,-0.08666907448971259,-0.2580250275604317,-0.10115718195323406,-0.3594539282702718,-0.14983010280247344,0.14010607132486722,-0.008149069455827657,0.09063331717444732,-0.09187099756752681,0.04661435424396499,-0.01515214313321495,0.08944706736436746,-0.043425864942623314,-0.19252442788762444,-0.08464892865619975,sc
sub-sc18_log_jacobian_masked.nii.gz,-0.05001565534110957,0.15198934432607986,0.18927170936961607,0.015933946870582177,0.02931221235516149,-0.004748289269432004,0.01020513393086738,0.13632112055840895,0.10127693937556455,-0.03264334045335159,-0.1091921959960857,0.0068338279405049775,-0.12496185119017741,0.15943438266442836,0.2491686963696873,0.06462672495674597,0.09502243610123927,-0.020384358921560663,0.03202663848426327,0.11651106751831719,0.09824637901650099,-0.036974773783676564,-0.08362189339321309,-0.013265064024309645,sc
sub-sc19_log_jacobian_masked.nii.gz,-0.18008133721935343,-0.05172713965754603,0.10599200689455787,0.0526366176277035,0.11470430036569614,-0.07350273684737496,0.08236352111159538,0.0348706505408211,-0.006483390743613537,-0.1405544890072644,0.07027679686772419,-0.16703019600475827,-0.060418117928819744,0.008840262484408565,0.057918711602842565,0.06785146236617039,0.12548863945285924,-0.16814393593367588,0.1261669831467282,-0.030664667280388778,0.005780323236961076,-0.1917064225683441,-0.12131536750013155,-0.13923512456828546,sc
sub-sc22_log_jacobian_masked.nii.gz,-0.22954846849937913,-0.020459707138467034,0.21514517961468596,-0.0003990301320659799,0.16865697377995528,0.03984047478767128,0.2378403262376012,0.26955193055620774,0.09788974509031467,-0.08430100007330574,0.024823574267460135,-0.05960037792231742,-0.19410794129460512,0.015189869946031442,0.2532193008882232,0.043201926002441,0.2062947496186484,0.04579785493645783,0.1508008952351781,0.2057998978789151,0.16230503654133316,-0.046090915541561826,-0.015040249717284187,-0.04987333421870376,sc
