surf_area_mm2,avg_thickness_mm,curvature_index,SA,AP,INT,ALFF,REHO,network,auditory,A1,V1,visual,V1ROI
-0.008040122633303956,-0.46752673632951686,0.9384512442495831,55.5,2.1011191356837315,19.132215,0.46777658242928355,0.651850091783624,1,0,115.82113438398224,40.00493580646823,1,0
-0.8014339538524088,2.467756773638009,-0.9912813475546622,26.0,0.1072752718370591,19.964968,0.5298854881211331,0.697689065807744,1,0,126.39736963163745,25.355915756484368,1,0
-1.134193912974968,1.7342329465687962,-0.6767406108842869,32.0,1.9322516557881375,16.968388,0.5185390695145256,0.6827073975613243,1,0,113.3650485574985,19.534733808974067,1,0
-1.7648386230881112,3.677118765295984,-0.9453511502419314,12.0,0.8102562056282228,17.875376,0.47476883624729355,0.6929570279623333,1,0,133.29699145152793,8.684029712534267,1,0
-2.1408389236658083,2.5946868309362396,-1.0066363980487367,29.0,3.068594938968147,15.017486,0.4842681916136491,0.6952206680649206,1,0,124.6715855771606,3.857028230706181,1,0
-0.910544144956204,-0.6595568135069583,-0.8742922544704196,49.0,1.4685511543610588,15.266569,0.5541901431585613,0.6833037828144274,1,0,104.99182615868212,19.02241622762055,1,0
-3.0929325618248433,3.6352421504774726,-0.744599052883853,3.0,0.05261208351544511,19.713531,0.7441147001166093,0.6663417878903841,1,0,140.75108776585557,1.8268755434497133,1,0
-0.6149601808217516,-1.3555687172617141,0.2383246169905297,48.0,3.8768956893719473,15.809997,0.4563742264320976,0.7175238916748449,1,0,87.62827519472474,37.42324576394387,1,0
-0.8046342602288424,2.3765202233921663,0.687321540716463,37.0,0.7445868923259162,13.68074,0.5535661264469749,0.6963653188002737,1,0,117.20292382750696,12.387488019743357,1,0
-0.13879149833664653,-0.23591460882941043,0.5100781779048221,73.0,2.901243475893816,17.180155,0.5211499254954489,0.64835419466621,1,0,98.78065804859077,29.241951111268733,1,0
-1.552719349222703,1.511990402529079,-2.07817396459022,4.0,0.7292753712600106,14.192576,0.5443523761473203,0.6539995356609947,1,0,128.22560852711717,14.81235170128817,1,0
-0.41766361925353673,0.6821494446657026,-0.3430353893692389,44.0,3.098407297910116,14.105917,0.4657165455190759,0.6911087914517051,1,0,111.83820673439142,35.096979661406074,1,0
-1.64423165444184,-0.2533991021051302,0.6095710377035212,39.0,2.4858163645798417,20.358961,0.7321834830861342,0.6724340256891752,1,0,114.69171129540942,27.413437821904445,1,0
-2.4713019420085898,1.3982113069257998,-1.796016747140365,16.0,1.8626153927698148,14.707524,0.42669257521629333,0.7658057306942186,1,0,119.4805146779184,11.2882092191953,1,0
-2.556669497441449,5.063645575856,-1.1063421918620184,13.0,0.03582732741008421,13.621028,0.5222145726806239,0.705657494695563,1,0,136.1589774840148,8.972865969981697,1,0
-0.8200996503697874,0.5206877482625752,-0.8716993587984958,34.5,3.9594337120284813,18.95471,0.6547919574536776,0.7109603568127281,1,0,104.69597792033346,12.05708082250514,0,0
-1.8370558025810337,0.7595018854284412,-1.0293952744612744,25.0,3.0128863662387477,14.609288,0.39319710747191783,0.7725923406450372,1,0,119.869498999818,2.5043029833431847,0,0
-3.2751432629411457,3.740194560390792,-1.2413503339946794,2.0,0.0,12.789298,0.489540358907298,0.708057635708859,1,0,148.36750897627792,1.3068380054583737,1,0
-2.7829732246675776,3.471948921487685,-1.8837647108577404,1.0,1.4906488082493983,12.669382,0.4459592370610488,0.7847235767464888,1,0,141.9513408760559,1.477483031001507,1,0
-1.8171368622775441,2.9885337306964916,-1.5906573109997109,5.0,2.967226523785012,18.396065,0.8199660134942908,0.7203001536821064,1,0,130.72422344790567,2.1390344370203938,0,0
-2.497858328703933,1.215691335557013,-1.9867562453424277,8.5,1.7691455085384877,13.531187,0.5475249149297413,0.7320692350989894,1,0,140.7259376497618,12.993151923731414,1,0
-1.4668759212451588,-0.09349073677343478,-0.9114335626260329,17.0,3.4462554513636547,15.768549,0.5522880601255518,0.735352917721397,1,0,138.74098144490867,13.879540756974484,0,0
-1.52786546203621,-0.6628115691828156,-1.6383805413181058,19.0,2.6806407856848313,13.340996,0.402309598107087,0.7799725752127799,1,0,125.49442596701826,30.584343326363225,1,0
-1.340729993771205,0.8277762885022668,-0.04554159450289394,30.0,2.968240484719681,12.371393,0.43881674110889435,0.7382968915136237,1,0,125.5580607208302,28.104181990097683,0,0
-0.7274683684109682,0.016247843084891463,-1.0253142387595553,45.0,13.504564800249424,11.928426,0.45607095172530726,0.6956658928017867,2,0,147.59665772924802,88.70992774953116,0,0
-1.4436170154661643,-0.13266437552716473,-0.5961938086797833,20.0,16.68474456203731,13.840334,0.513286049428739,0.7261213126935457,2,0,85.26890849492662,147.69148232997605,0,0
-0.7233621988404403,-0.5761474863228464,-0.46139592483121966,10.0,16.956454622694416,12.296376,0.40543614406334727,0.7716950303629825,2,0,72.37070207080427,132.54452303583312,0,0
0.6031415460214788,-1.1944512619227325,0.4871991478976607,34.5,15.638895396508243,12.692413,0.4388077996279064,0.7774540907458255,2,0,71.4816879859945,114.81605446714208,0,0
-0.5490765946528525,-0.3888004853347588,0.44015652793095444,7.0,15.414128983124844,12.673873,0.48815154637161057,0.7254942718305086,2,0,81.50678594597142,133.48708909901052,0,0
0.10319789716800712,-0.17212901286481316,-1.1507552129765102,28.0,12.212379494007074,12.229172,0.47252322968683746,0.7308486386349327,2,0,141.71515562472135,86.55942187785362,0,0
-1.0229170372852572,-1.1114769628049321,-0.30914887095123933,22.0,12.633218350816124,12.088338,0.5429137804006275,0.7629733713049638,2,0,148.00098185650597,99.69532107019886,0,0
-1.6236284566646135,0.9984104445280653,-0.4435724280506878,59.0,14.8782910509688,19.726685,0.44973188638687134,0.646316879674008,2,0,147.866222757205,104.60138034455672,0,0
-0.7936754193356224,-0.4210192590096139,-0.480296146879245,18.0,15.335258505334616,18.199404,0.4237082882931358,0.7275609028966803,2,0,96.6397595517118,140.46093705859496,0,0
-0.9261135019903086,0.08509224150089106,-1.0995338270811557,6.0,14.249033713021083,18.477541,0.45536864744989497,0.6910053021029422,2,0,89.74099096926204,121.43293580305276,0,0
0.18920712004410672,-0.6492182138400333,0.13698201726792814,27.0,13.385793073293089,18.068275,0.42972079076265035,0.7278540636363783,2,0,88.26346398521795,101.55015189492542,0,0
-1.1053286571828187,-0.23343074464293162,-1.0030214955325871,46.0,15.878286009972143,15.612616,0.43798697935907466,0.7573494848452116,2,0,118.38345004167952,143.17199174375494,0,0
-0.48110801214470295,-0.8263191651401746,1.39213358429368,11.0,13.105067349350612,15.280636,0.40813843043226944,0.7554948925971985,2,0,102.30236373062212,125.87259922037384,0,0
-0.5888140081459955,0.8461118365120212,1.9161144026945065,23.5,11.787536509825994,14.622026,0.4140516284265016,0.7416492073159469,2,0,123.62828539634536,91.18708384167832,0,0
-1.0597355842146146,0.43070615781835037,0.5421329052230119,14.0,12.292491594621747,15.447467,0.4562899909521404,0.7633768476937947,2,0,133.61062830046157,109.90752357835213,0,0
-0.8005700272074195,-0.07001280919734713,-0.7604069137240944,33.0,13.479781592622274,17.949331,0.47304524402869375,0.7587155856584248,2,0,124.84037363894204,130.16218620560565,0,0
-1.852457144879835,0.05657109411327384,-0.4420529457087368,8.5,12.71974690781477,13.8110895,0.44129724565305206,0.7592624833709315,2,0,105.61277576258452,113.63919709933792,0,0
-0.860737708212814,0.05905676180050438,-1.307457891215085,21.0,12.427541015156832,15.513817,0.48355998961549057,0.8136795382750662,2,0,100.93887744133085,93.32634580698874,0,0
-0.33545997687530055,0.07085679841687197,-0.04554159450289545,15.0,12.41768068034211,17.863306,0.4615141749382019,0.8002558883867765,2,0,114.9219517631864,116.3282516287744,0,0
-1.320229621217451,-1.1628729433879619,-1.983955752268161,97.0,15.468028126593424,18.010733,0.40135629553543894,0.7757366707450465,2,1,10.066008624872378,109.3507132499634,0,0
-0.9712504318898263,-1.2718615756725067,-1.7628014396824296,53.0,14.78750490371623,16.388597,0.4990466456664236,0.8401392321837576,2,1,9.12070614508201,113.98191374784066,0,0
-1.5303991123941498,-0.3083543546212051,-1.206244774092907,90.0,14.220760130930424,13.757055,0.5118262265857897,0.8405754848530418,2,1,7.08089131295537,119.69330701012292,0,0
-1.1181752266545366,0.1523999973076876,-0.1347410255173065,87.0,18.162721048740497,16.29169,0.48070266529133443,0.8065490691285384,2,0,24.810872647864382,115.43281954564816,0,0
-0.902997069759662,-0.13266780928103664,0.37427917379859077,41.0,13.380244819133287,13.893626,0.4230137632081383,0.7825470754974767,2,1,7.0376061848997375,126.78512064665594,0,0
-1.6591247286274333,-0.34138062172818945,-1.479700852136971,89.0,14.12405197813301,16.49837,0.4042581664888482,0.7384796362174185,2,1,22.059356116718472,101.2098841975008,0,0
-1.4077383557498155,-0.9020134781595015,1.1182334731872008,66.0,14.101795316248383,13.063384,0.4116296595648715,0.7832119308019939,2,1,7.106776398625256,118.53961085341712,0,0
-0.7622972401268328,0.3830296537422691,0.0,36.0,17.637703859830538,12.094845,0.4004637222541006,0.7485792134937487,2,1,24.763467186666997,129.01008687494527,0,0
-0.9140865529752725,-0.7325673975428496,-0.14705496872598128,79.5,17.97691801469695,11.375378,0.4464322014858848,0.7937291013567072,2,1,45.354511430327165,144.49596643548531,0,0
-0.5919103265485581,1.346396253440256,-0.5513770992382868,55.5,15.440561362970325,11.356294,0.3686626733917939,0.7927969882362768,2,1,18.314934109296576,130.97393045342002,0,0
-0.6066632631279666,-0.6106990723715414,0.5475900208229578,78.0,17.54505193284526,13.256775,0.38669442973638835,0.7435741706898338,2,1,31.57506603270443,134.90979463068933,0,0
-0.7589072355766592,0.0931668039078749,0.6595918224886482,40.0,18.28160759777544,14.544631,0.37252026639486613,0.7391322098280254,2,0,57.66476160619671,155.30818794787345,0,0
-0.18093660428554623,-1.005530506539567,0.23471646661344434,43.0,18.05776051120981,15.668213,0.37084272817561503,0.7651691091688055,2,0,47.27912893889016,136.15847474180916,0,0
-0.2780570658658664,-0.6355515785890957,1.5897648560692867,23.5,18.149522227935144,12.5407505,0.40878274958384664,0.7823180117105183,2,0,64.0241526335127,151.1077258427395,0,0
-1.4517137351007816,0.2373191607511517,-0.026987033392153994,57.0,18.39900093735618,11.327608,0.37575231257237884,0.7639059047949942,2,0,78.95041156933289,160.9159262692434,0,0
-1.5863972237405752,-0.8891832481902907,-0.5460635021389987,31.0,17.634793620115303,10.803598,0.3181443230101937,0.735291230051141,2,0,69.0156486423,144.65753321109304,0,0
-0.6681646101761087,0.39014534664942985,-0.05789803368458067,122.0,8.534045678530088,11.491278,0.3429690630812394,0.7536595902944866,3,0,97.78462504708509,62.284762723180485,0,0
-0.545572061759305,-1.6406539741568507,1.169568615061701,92.0,3.680382190024611,14.995164,0.3102543150123797,0.73989800089284,3,0,110.02836759732126,50.968231460052095,0,0
-0.48415299249236876,-0.8228813709507439,0.7887074938323018,125.5,6.412342808308388,12.479774,0.3529222403701983,0.7975715210563258,3,0,97.07107881561444,53.97582735479917,0,0
0.13401697555770486,-0.4262975329952467,1.0202588152288266,71.0,4.028030075769172,12.257878,0.42210121217526886,0.7248562699870059,3,0,96.71404916934048,37.02269857255953,0,0
-0.4495920841119913,-1.6511232525874249,0.5731119283786114,61.0,7.711305052880435,14.518567,0.4081435462361888,0.7371644377708435,3,0,76.68373982615475,48.29309595969288,1,0
-0.3338467598062865,0.15439406541375034,0.2176033143901179,69.0,3.6615471961124157,16.470703,0.3234188337075083,0.7384565064781591,3,0,100.14256194138858,40.78561725791463,1,0
0.4871069837594671,-0.6834824102580904,0.09150688095224771,47.0,5.372916666961084,12.6869545,0.274911672661179,0.7079328078972665,3,0,102.26323259250688,52.367494763025945,1,0
-1.3116341828452442,-0.7563902332324736,-1.7134537535956411,38.0,5.5023348751614805,12.495659,0.33351900859882955,0.7526220459687082,3,0,108.7312811116568,46.16762768366014,1,0
0.4811723510001136,0.451504957324421,0.3047824295223262,76.0,7.294803170963479,14.289885,0.36325089084474665,0.762759550621635,3,0,92.08750282430178,62.0165690040948,1,0
1.4177929617048761,-0.9306149078569079,0.8089443335880341,91.0,9.911861375731117,19.047709,0.3682999759912491,0.6581393731267828,3,0,87.65194022363437,73.09272466022756,1,0
-0.6017132638278547,0.5387709118982736,-1.5893390642066174,84.0,12.436103988847698,17.802078,0.5180054087387888,0.7245741925741497,3,0,88.43664909151795,82.6515697191686,1,0
-0.6856329854109267,-1.1905284656600459,-0.4144581918942184,50.0,5.886836344019444,16.732634,0.5203355221371901,0.8024987703875491,3,0,104.87736380285996,57.4083990058074,1,0
-0.6340370289509332,-0.31330163841559894,-0.55440136275401,64.0,9.038472436802417,14.6576,0.40659647238881963,0.7644930481910706,3,0,99.33329668739748,72.29394874433177,1,0
-0.5801032867155339,-0.07704190514685182,0.3016776039477604,110.0,16.558126868200286,12.114474,0.47503521254188136,0.8102190525908219,3,0,41.53708502749023,122.32213052357656,0,0
0.3222055954618937,-1.7309751767886132,-0.41397253531420275,67.0,17.202278321389088,12.100226,0.5133247187263087,0.85113609464545,3,0,51.93691204460607,119.66523170397554,0,0
-0.643193929107618,-1.5786384536804237,-0.8504200642707627,114.5,14.804970791767456,11.600868,0.6321417846177754,0.8277217306588825,3,0,55.31135033910721,107.88240089493718,0,0
-0.27016391533544654,1.1741598202895123,0.4692650887784379,54.0,15.386517309683047,11.371459,0.45253737192404897,0.8289359086438229,3,0,61.51009890528928,106.2484828542028,0,0
-0.970613722473892,0.7163887009866817,-0.06286193252018968,63.0,14.670397956448966,11.93028,0.5917122081706399,0.8639538068520395,3,0,73.90873374723412,97.85016200004976,0,0
-1.0514777162191353,-0.32734975842086617,-0.09609705461945083,42.0,13.217256667042916,11.523794,0.5600101132141916,0.8329905114675823,3,0,90.33837845321004,91.81202469932632,0,0
0.24784228688574042,-0.035913793817431504,1.5627990247432249,70.0,6.631685632902768,11.206762,0.4640992283821106,0.8261636087768957,3,0,114.54202494485526,70.54903894879133,1,0
-1.9182262977790072,-0.6290139487325621,-0.8745859947721892,58.0,9.695224912527113,11.375564,0.4961692314398916,0.8006188367542467,3,0,103.83389579934912,78.55698809893981,1,0
-1.0183123469642896,-1.4175275212513267,-0.9020728794984546,51.5,10.770111690886761,11.93042,0.6198280720334304,0.8047126061037967,3,0,110.10836666396897,83.25739301754538,0,0
0.03096991205316879,-0.9134671457957088,0.21364746797475387,86.0,20.742936277560844,11.774706,0.512185728863666,0.7949252944243582,3,0,99.73165972647068,162.62444506496672,1,0
-0.659926085957252,0.11017894915921563,0.5403181227467002,114.5,21.268894394370246,11.810563,0.5271433999663905,0.8214028885490016,3,0,116.1597748707046,153.81706286724324,0,0
-0.45291987896240116,-1.2038087171175464,0.4945866879824715,98.0,18.414164500986253,11.531767,0.44516828499342265,0.8107234553286904,3,0,111.69763702957891,154.4732118957874,1,0
-1.4342523145369928,-0.5150879601463649,-0.1339455603256041,120.0,19.51783372163665,11.618098,0.4804504388257077,0.8243418837848463,3,0,82.54873262112406,175.16900122128013,0,0
-0.3740518958102,-0.09691231250713855,1.9794866372215745,96.0,15.504355333487503,16.387333,0.3855690250271245,0.7629177664455614,4,1,23.05221724388873,115.03203977148014,0,0
-0.565035622638204,-1.6662494855767394,0.27234286738955227,127.5,14.048483733941508,18.730946,0.42799494768443863,0.8024044193719563,4,0,30.873536100460917,97.80072323093934,0,0
0.6011326112162311,-1.4034007272044697,1.3433400048196216,155.0,14.829197245091079,15.800219,0.3710305706450814,0.766942886929763,4,0,36.56806427302926,106.94428266739504,0,0
-0.47152713549418857,0.8100390052218719,1.2753282078451968,107.0,19.425324590115633,19.669495,0.40166442958932175,0.7899882762055648,4,0,35.78464488879149,93.08557645778018,0,0
-1.0059546763322054,0.20281848805604594,2.30659513253526,151.0,17.217168449171563,19.358086,0.4899404519482663,0.7856245135006151,4,1,19.247303568125737,103.92778377117035,0,0
-0.5375315297160987,1.315736482459393,0.05641965428637857,116.0,20.778249939930035,19.513004,0.44418801916273015,0.771145622981222,4,0,53.308576959122746,113.11455847370046,0,0
-0.8485081465473497,-1.305008579408527,-0.8706756541672166,112.0,19.19335122456994,13.780573,0.4942503571510315,0.8146642603372273,4,0,38.333641505465614,112.37702011698272,0,0
-2.176281388441351,-0.7418315977694032,-0.25412448988650893,83.0,18.28672996422323,13.1183,0.49554389401486043,0.823472051244033,4,1,42.36403907969258,131.65837376747857,0,0
-2.221996430697541,0.11135227208240207,-0.13912493269437812,132.5,19.77125129019723,15.471807,0.5277247115185386,0.849257651128267,4,0,64.96521141466499,150.1216990363294,0,0
-0.9946182437592549,-0.927187044797566,-0.5985218439974223,75.0,12.665579089416685,13.767271,0.6446843319817593,0.8660037486176742,4,0,149.65659345162797,80.36972365337174,0,0
0.11080415101419416,-0.42867357916768384,1.8197865772324553,82.0,11.314913190759047,16.17541,0.4436041979413283,0.7875350588246396,4,0,143.72096714295287,77.271018580272,0,0
-0.15350036767660322,-0.4403786976064775,0.09765579092705899,60.0,10.645795849087227,26.197716,0.5394939262616006,0.620928334562402,4,0,128.24313798756293,71.93474755115865,1,0
-0.5642186400908413,0.21917830383671594,0.1038645231208681,103.0,17.6674811144433,23.63412,0.5665422583881178,0.7297357352156388,4,0,135.23029217465563,87.10619322222274,0,0
0.6478262598741544,0.33230835849039686,2.2669354068866063,121.0,20.316566096808526,23.950048,0.4640074670314789,0.7462553852482846,4,0,141.44944618593107,98.11030317170908,0,0
-1.116251225785864,-0.3449986289413896,0.6491633892300633,74.0,16.924186143780403,21.388454,0.5088957673624942,0.7114728532339397,4,0,139.34798664716425,117.84604819780424,0,0
-0.06420324827490799,-0.6621390082629953,1.3129606844350263,179.5,21.019978635259726,22.122887,0.5079685198633295,0.7743853487466511,4,0,101.4723205242605,147.72004180756213,0,0
-1.0155195575129494,-0.26458838169994164,-1.4229996809705137,170.0,21.533106728140154,19.70036,0.4791300783031865,0.7513215322243539,4,0,121.54652797283944,166.97520907548093,0,0
0.010560109807280926,-3.0953928545866485,1.3228756555322925,188.0,20.92598457385724,22.143435,0.49151049162212174,0.7302448561317042,4,0,115.48874258993848,171.0275518760781,0,0
-0.4749266347539811,0.346145194909081,-0.09007823826595256,161.0,20.60081963781075,18.464834,0.504456269113641,0.7361141443252563,4,0,55.20803195223783,92.88474085549907,0,0
-0.4250601728711012,1.3891048509331905,0.3557499202426264,157.0,21.373676222877208,20.266844,0.5231963066678298,0.7829918171230116,4,0,63.96088825807894,106.41194247646304,0,0
-1.9314190851254671,0.887833968253118,-1.2297744281953795,130.0,20.212225698115148,27.066015,0.4273604719262374,0.7988822805254083,4,0,51.34873394809511,127.12099869582995,0,0
-0.5327088722235874,-2.4035518162394784,0.6578615534965223,174.0,20.836448089276722,19.766352,0.4101201860528243,0.7580840054311251,4,0,94.73280004835766,125.96817586061788,0,0
-0.9481631401552846,1.2805776206181607,0.5528859506725654,140.0,20.85880332497684,17.334213,0.4317243350179572,0.7605748741250289,4,0,129.06958238476076,96.64424698197143,0,0
-0.12018665510500373,-1.2981417024908823,0.4830340748636459,137.5,21.20450636671347,16.210152,0.5079051334606973,0.7736938093837938,5,0,71.85924821572674,95.92323441272411,0,0
-0.5718216636871526,-1.0599402597153178,1.2000258211669046,145.0,20.523138536781687,18.391104,0.4201141282131797,0.7825986335152074,5,0,66.75315578741062,97.48946962961207,0,0
-0.24573016489411822,0.07851376733279967,1.1773926458312949,152.5,21.030913762476917,13.477773,0.4423915790884118,0.7763976674330862,5,0,93.35175565989734,117.80959765510111,0,0
-0.6091065375250184,-0.81151064887677,-1.3842036324544353,131.0,18.997398948214634,11.708913,0.3872535605179636,0.751013878144716,5,0,81.85468835100205,90.67801969636244,0,0
-0.7976025821182975,0.9629063667991107,1.4487329777878257,168.0,21.210675885380518,19.240452,0.3674902092469366,0.7587000068865324,5,0,120.38402040126996,145.83284499188622,0,0
0.32658670580638505,0.590110977251306,1.4998478315999153,135.0,12.539949923942524,30.651299,0.28363044716809926,0.5901812252245451,5,0,81.51402906508713,74.61630062294985,0,0
-0.24310459071983512,-0.15259449285848875,0.23880462677591768,127.5,12.813684941794264,29.36872,0.4129654529847597,0.6661763065739682,5,0,67.24045488539329,75.23747724041597,0,0
-0.2301297344623761,-0.34778935795679206,1.4467379194819596,124.0,10.510887012209363,40.426594,0.3563997776884782,0.5900576428363198,5,0,75.31622010491749,57.78293480825159,0,0
-0.15530401451545045,1.7085100752900872,0.7668091345489818,150.0,9.421835071289816,29.99403,0.34684911527131734,0.526919098276841,5,0,82.94078427394601,73.29234468863179,0,0
0.15515742736635071,-1.0657308931902783,-0.7309417911544729,129.0,10.342349343250477,42.90447,0.39381590642427144,0.6804166655791434,5,0,96.57363679021536,56.0224236005746,0,0
-0.7637834284775558,-1.2044289198755622,0.5227733021739337,132.5,14.924680177310064,28.805689,0.46362844423243876,0.5712189407725083,5,0,46.11420831962999,78.7716664242425,0,0
-1.9715212179499142,-1.2614042499224243,0.23367846720268637,106.0,14.835745986676757,34.212654,0.39719445140738235,0.5459573237519515,9,1,26.94065138687164,89.164385623995,0,0
-0.6343632157441191,-0.6517754857250627,0.06967842653869352,136.0,8.228360179492864,25.591734,0.5250719550408816,0.5428137465527183,6,0,82.34939987946342,49.66468187012647,0,0
0.14013330041242456,1.7567673928435303,0.3003757045930573,99.0,6.766927341381856,25.549837,0.24790270469690623,0.49514605810767726,6,0,92.95442946526158,58.73692826182219,1,0
-0.26408589313893654,-1.3280006223402276,-1.1333678600566786,165.0,14.921540689279968,22.948338,0.3313882413663362,0.5869825607851932,6,0,47.1791739400265,97.45203984012336,0,0
0.6760736288718969,-2.1067625271791415,0.9149405198553441,123.0,10.130607039164197,34.10742,0.3827727342906751,0.6685599088668823,6,0,79.65569642160106,74.7356278310752,1,0
-0.7937976321608647,0.6688655751413966,-1.592116641549445,105.0,13.719538372056979,33.07287,0.40740070609669937,0.5885161506502252,6,0,65.25221068554598,94.6779475490102,1,0
0.4251218879608586,0.6786415130132712,0.2444771441917399,93.0,12.608532340160334,23.247284,0.8112908162568745,0.5376630676420111,6,0,78.45912872200181,86.68498950523993,1,0
-0.8202361417043652,-0.045444913473844786,-0.6675134922809153,109.0,21.26382061481658,12.19432,0.5656838950357939,0.8364531209594325,6,0,129.74683305458518,141.52372351776265,0,0
0.46258125088425206,-0.7563232280530343,2.4081934734351886,162.0,21.423290958328245,13.114163,0.577002470430575,0.8436784242328844,6,0,87.31256158607887,141.62293997379746,0,0
-0.14788733996694717,-0.9707065209486417,1.2296706326581843,173.0,20.547233010228446,13.173374,0.5816328823566437,0.8631148526543065,6,0,101.52552271575914,157.14476856311373,0,0
-1.9819844647215978,0.4271029805889078,-1.1782713255318535,119.0,20.32257298408129,11.791293,0.5757462946992171,0.8549890580930208,6,0,73.45478288079427,164.02215391117466,0,0
-1.0107782280708546,-0.8758194199487389,-0.16450680760703107,144.0,21.34520350485599,12.323618,0.5951577079923529,0.8522889896443016,6,0,92.66496690679642,160.47229883639685,0,0
-1.0547430934500757,-1.50213148236356,0.42509035654820104,156.0,21.721314074146072,12.020694,0.5349533150070592,0.8507265668166312,6,0,87.99260875354922,172.8754638608808,0,0
-1.576433493475132,0.09711491131537113,-1.0087720978369943,77.0,19.83895893647994,19.24657,0.48803854616064773,0.7679214791247719,6,0,119.79860072872954,76.67970524924928,0,0
-0.6716603991088582,-0.6905577493564543,1.0074308862359185,189.0,10.08198507199272,39.43231,0.38831826966059835,0.6772632818473013,6,0,75.84092039663406,78.5650008669748,0,0
-0.8674797277899728,0.607778714557821,0.04231384787630215,199.0,9.00741771953972,36.64343,0.44898136038529246,0.7669598711164374,6,0,75.24175726208847,64.88337246677096,0,0
0.4006098319338025,0.2934535114344855,0.4821194174227517,172.0,12.928287670447052,26.077366,0.5185336862739763,0.8068109719376815,6,0,67.00326653418288,75.52662126133453,0,0
0.4923243030207719,-0.9687627279210906,-0.03432603762971549,163.0,14.366449742096519,31.03815,0.5279889687111503,0.7789281073369478,6,0,54.88650670324796,87.73234035656908,0,0
0.23423355027831436,0.1241003724435795,0.21953424514257258,108.0,12.022840339414529,32.35318,0.48137307010198893,0.7750597125605533,6,0,69.45751256473204,85.22090410230531,1,0
-0.369262584132479,0.008485497316680645,-1.248961857761158,184.0,21.351220138145226,25.057867,0.5028337036308489,0.8017497815583882,6,0,118.22001198837444,160.41234402768652,0,0
-0.07299697783084409,-0.34506796201446355,1.546621821147628,191.0,21.099842053002664,20.951645,0.5612735058131971,0.8192209507289686,6,0,94.5868959477322,132.39476224821888,0,0
-1.5799285755566927,1.6051528648384548,-1.236383193335545,194.0,21.276511025970994,20.2466,0.5317872088206442,0.8130875355318973,6,0,116.57847893316172,150.49942071239536,0,0
-1.911438298383614,-0.6844069225149159,-1.5146824930979783,176.0,21.316352453776705,25.581524,0.4334097598728381,0.7914757163901078,6,0,119.50029680543244,161.4032826780943,0,0
0.03540682893159959,0.4714715978613784,0.05809111961158706,179.5,21.88300803184845,26.263718,0.4894265571707173,0.7075358848822745,6,0,147.7897609741485,111.79068537312536,0,0
-1.746357582685777,1.5455749188856518,-0.8213225479181276,85.0,4.626579853193,12.327632,0.8054769086210352,0.8303417375213221,6,0,131.01434717735086,27.87755875583325,0,0
-1.8590931064534766,-0.5572449143972092,-0.9732185011548959,68.0,4.6667346996247066,12.372328,0.707014041511636,0.8271377337606329,6,0,117.35947473382971,41.49923770572211,1,0
-0.17207372280269134,-1.3440198811619313,0.2803994373527538,72.0,5.715054820421287,16.596031,0.5103612651950434,0.6062121265812924,6,0,121.52895977687224,58.80546030638485,1,0
-0.4349104849782322,-0.07840758963593816,-0.691463869913765,88.0,9.165425677729019,18.401255,0.7542140342687306,0.7241114691684121,6,0,130.61130401837775,44.26825093020734,0,0
-0.6724938839860426,-0.012030594187851342,-0.7766915930650875,62.0,11.182031551438733,21.063066,0.42465201177095113,0.7934016365753976,6,0,126.22920534636312,60.02680055630206,0,0
0.5533106061383388,-0.16551949026404664,1.256239763459319,149.0,10.492534277950313,27.29888,0.3449830593247163,0.6474242649580303,7,0,66.0642405792017,66.34593815256626,0,0
-0.25448536458757676,0.5237291699074486,1.2936031797593595,142.0,9.553800841173722,26.08631,0.32066094483199875,0.6106178195852983,7,0,79.61976468340184,62.377435102259874,0,0
-0.47075624239549496,-1.3209011660397698,1.1116310751580614,185.5,21.76101172475612,21.185816,0.3115827362788351,0.6467851023924979,7,0,129.5809823825841,163.2033890507564,0,0
-0.9882335687755596,-0.4881716681112862,0.3536490878180855,195.0,21.245648626043305,25.275078,0.39310010483390406,0.706880227515572,7,0,140.50394830966107,150.12254424536758,0,0
-0.02637733252346365,0.7662435493579085,0.38788648732802444,166.0,21.50239364087166,25.41793,0.3892349930186021,0.6637330776766727,7,0,131.46756075142963,152.2287274571239,0,0
-1.092536639772978,-0.1908050256076246,-0.5280612586592107,137.5,8.615507346107375,19.146482,0.49667463412410334,0.7931968036450838,7,0,130.6133523552538,33.80389570448003,0,0
0.08022748735066691,-0.623366220981705,1.1843003097340479,134.0,8.064379163648283,19.928648,0.4854905244551207,0.7841588917531466,7,0,138.58638418488536,39.00492276150639,0,0
-0.5547949318491036,-1.0280786631182157,-1.6720538250751853,148.0,9.344753686718263,23.073004,0.4206508601966657,0.6923194841334694,7,0,143.12801528372884,52.279591687521936,0,0
-0.5193925915129542,0.39688120344694666,0.09277902314118074,164.0,9.315047013742273,17.978582,0.48240510099812556,0.7583096560678984,7,0,140.75399073347606,64.02998192713751,0,0
-1.3672409420287257,-0.40582051071596886,-2.3457778660374995,143.0,14.695675427409343,17.57828,0.48248173531733063,0.8128197851933932,7,0,132.19095171117675,71.95868304153315,0,0
-0.5179806025918338,-0.885725162258534,0.29485616505851414,95.0,6.217377339112918,15.835382,0.45369248327456024,0.7780107197008634,7,0,127.37465126421463,46.67183029930976,0,0
0.6289993948657939,-1.3058239817478006,0.8851300400000591,104.0,7.29499515141166,13.899049,0.5301120328275781,0.8372474908828735,7,0,134.5890245731223,57.16514209437219,0,0
-0.025765662504327273,0.8767461663835203,0.8161558086040649,167.0,20.018338256399336,13.152027,0.5786701017304471,0.8213395225374323,7,0,115.27478941986078,123.49630884281636,0,0
-1.3229665788028895,0.6876552017013858,-1.2036116972617568,187.0,20.16432896775018,12.790526,0.6249647814976541,0.8686635588344774,7,0,99.34417622629556,102.9820334681449,0,0
-0.6049133171314839,0.5337839040879011,0.843263526958117,183.0,20.67968312968558,13.624995,0.5638842394477442,0.8335183890242326,7,0,127.06547626782952,126.74795695565729,0,0
-1.6917335743238373,0.17352859295873885,-0.8381981343406659,196.0,21.128157312869334,12.764157,0.6638824673075425,0.8546419551498011,7,0,117.42469593164184,111.95885825339016,0,0
-1.6889758522701008,2.358251958009281,-0.6181898494382011,178.0,21.13375072126831,12.917399,0.592663110871064,0.8479390928619787,7,0,137.59279430139418,150.28449646636753,0,0
-0.9077052125906632,1.5519476960289393,0.7939058469748442,160.0,21.28718179535766,27.365135,0.49458460588204234,0.6667860683641935,7,0,122.12555684402214,100.71432897691489,0,0
-1.0982276417063974,0.0035489416702655023,2.182900021609759,152.5,14.083540367370091,32.392094,0.5070463677770213,0.7594351015592876,9,0,55.99800012821899,97.73632183059006,0,0
-0.8351203263452482,-1.0297757628225235,0.45888374729097214,181.0,13.533269866026632,37.761852,0.5233207541076761,0.7421571298649436,9,1,60.319660465143976,99.07301335652394,0,0
-0.31414218249287407,-1.8327145047172972,1.1820495796167998,200.0,12.475545843440123,29.20815,0.4400856024340579,0.6929052095664175,7,1,64.39455940525171,89.91830088244936,0,0
-1.4069315449493953,-0.8521408014005291,0.47712851940530027,198.0,13.902985714502293,27.87436,0.5054305556573366,0.761927162346087,9,1,43.0598921538506,102.9855134653534,0,0
-0.7955977949125678,-1.7905553975090502,0.619310851436189,182.0,12.954253371614666,37.72393,0.46449894026706096,0.764722039825038,7,1,54.838372396598174,81.30444239751147,0,0
-1.1620108449047688,-0.540948778066225,1.0310171393203067,141.0,13.69348158645556,25.10705,0.5756894820614865,0.78482502071481,9,1,40.36610736957436,94.10419327579211,0,0
-0.2296146342754681,-0.09920614811151392,-0.09503626037088046,125.5,10.975944082831141,34.90407,0.4934512235616383,0.7870469783481798,7,0,64.47691002322422,61.097577680377455,0,0
1.0092567040277411,-0.8580347922964394,1.7838419555150369,192.0,12.658975606073682,27.719845,0.3954098005043833,0.7319230719616538,7,0,49.160887687427326,81.20204597635319,0,0
-0.8680623719087347,0.6782501352991642,0.4738035414793408,190.0,21.123069694648397,21.67841,0.48270490608717265,0.7680329743184542,7,0,142.96138499940062,127.7634412452492,0,0
-2.1456489830060663,0.6512182591692813,0.2265937847256243,169.0,20.801167541811626,40.053688,0.46606199364913137,0.736621059869465,7,0,142.71649281089387,150.82942811687198,0,0
-1.7409180347608788,-1.5398183481336176,-1.78232324537698,177.0,21.7131175827964,23.35459,0.3824270916612525,0.7021980567982322,7,0,130.6319553377071,162.45016640494327,0,0
0.1279838259348348,-0.010553450232797811,1.786890526572165,193.0,20.751531801908005,31.246016,0.44680366861192805,0.7906089236861781,7,0,154.30256455651815,134.0518555861347,0,0
-0.7899719646715465,0.46939284503136997,-0.8627635262664043,171.0,21.584863745575024,33.384815,0.41710271333393295,0.7966078739417227,7,0,148.93845625075264,130.19231561012043,0,0
-0.723290446034427,-0.8203125574702721,-1.2133999670823825,118.0,21.416538545767764,32.59438,0.4218484508363824,0.7922738696399488,7,0,150.30530695269348,117.85797717352337,0,0
-0.3221027054474652,0.36277304026156154,0.48122490724472156,197.0,21.547221773065424,23.522701,0.39935557152095597,0.802003098161597,7,0,108.1900001036663,173.9939077978228,0,0
0.011434954013182357,-0.4968730722720723,-0.20324391627023125,154.0,21.48710254800872,23.464113,0.48041269496867534,0.7970745030202364,7,0,94.9806950972558,176.03704539364549,0,0
-0.27024094604577914,-1.6081802069409212,1.8622514050381325,175.0,18.640025642801234,32.28185,0.4077992282415691,0.7919608825131467,7,0,64.9733279837307,97.60086958479482,0,0
-0.20140737652688234,0.10236006796559938,0.5862065665162294,158.0,21.376854008833092,27.39938,0.40746388466734634,0.8067227947084528,7,0,83.71092781281969,115.48136115277588,0,0
-0.3048421799378425,-2.122229806090179,0.7194097655399844,185.5,21.24201763946628,20.037235,0.46882919888747365,0.78897877429661,7,0,79.31561157005947,115.18418313789095,0,0
-0.007930647402803463,-1.5849038873367296,0.7973991469849687,159.0,21.04834590223858,22.934366,0.4476685696526578,0.7939155446855646,7,0,67.91791800895486,122.37172160176986,0,0
-0.3354945309677819,-0.6485184085640453,0.40490253276090676,147.0,21.09309565157012,22.640774,0.4284210173707259,0.8104111489496733,7,0,69.01249048538375,137.2077487552535,0,0
-0.4227075901809489,-0.5817459495843618,0.6461193222251023,117.0,5.87943561580972,24.225136,0.3843413340417962,0.7712554241481581,7,0,84.0094444590984,49.25872564681696,0,0
-1.032513536269459,3.148306834345469,-0.6909385079005356,51.5,3.422183178884163,20.759315,0.43010082840919495,0.7921320450933356,7,0,114.9254653136678,12.606118953843271,0,0
-1.0036894611319502,1.2591195984180237,-0.12652178207261636,94.0,4.536420305616941,18.063137,0.8950832564579813,0.7462016030361778,7,0,120.44767477310602,19.746565312480588,0,0
-0.7245979852717357,1.5432267450588857,-0.2931032832581153,81.0,4.416630558203538,16.28219,0.7076107702757183,0.8246319607684487,7,0,135.78293138049327,14.846626739812912,0,0
-0.17368044506705438,-0.6789040298456656,2.28016005504299,79.5,11.94596034258749,15.397995,0.7528843471878454,0.830735655207383,7,0,78.23609824416076,41.26717371969359,0,0
-1.3017835557430064,0.19813941600070767,1.2197987078275085,101.0,3.42667497208674,16.690254,0.7177179079306754,0.7091526828314129,7,0,99.9313296425801,37.24582943907952,1,0
-1.5985711824212534,0.2671414192915046,-0.8365980351568655,65.0,4.787614530205865,12.965873,0.7678715618033158,0.8498200240888094,7,0,93.88531098061516,23.339120964423685,0,0
-1.830198192578341,-0.9646040782566692,1.723703257979167,146.0,14.318409073060062,13.298819,0.7682701694337946,0.8550867218720285,9,1,30.113170418202326,109.21343101397753,0,0
-1.6400230185584814,-0.2577538607083249,-1.0971086620810946,102.0,14.032407506977128,14.860707,0.6509622382490259,0.8344518542289734,9,1,23.846322087593336,107.53853311556746,0,0
-0.1896373294553495,-0.413910178151225,1.2058327524681185,100.0,13.802050587627107,14.9946995,0.6046006099173897,0.8137694346277338,8,1,33.7420713308831,89.99974854377139,0,0
-0.03729983058951377,-0.35039372906388666,-0.1952457649754649,139.0,13.416145153622072,16.804205,0.5253077980719114,0.7582674653906571,8,1,48.58849796870512,75.72936004656155,0,0
-0.11279577779964899,0.06393768909433428,0.6841148231658786,113.0,12.595013405842597,12.312257,0.8695429469409742,0.8334361157919231,8,0,61.228086661334,64.29276307786792,0,0
-0.24368162857303738,-0.565807769454367,-0.6218556685069302,111.0,13.141154286893807,12.563899,0.5758687195024992,0.8020021162535015,8,0,44.49499029267837,78.45119939870953,0,0
-1.3193847658603548,-1.1173615612364967,-0.21874810079654325,75.0,6.166252094497539,20.902277,0.4285250133589694,0.6326490828865453,1,0,121.63663577788054,44.620827679764666,1,0
-2.42567753116977,0.6327031217428173,-1.727211315552162,37.0,2.2056961816079337,20.781992,0.5087150445109919,0.6959085903669658,1,0,119.08882617077408,27.32500101845764,1,0
-1.885722622064344,2.7932219273608125,-1.5432314093314714,24.0,0.8539454132711626,18.11486,0.5475917929097226,0.6860620253964475,1,0,131.95540072252814,23.866679749774736,1,0
-1.5633574642089498,2.410615389469141,-1.9424140842912665,16.0,2.0076241242821737,16.220339,0.6390049943798467,0.6990388161257693,1,0,138.77802820314764,10.103933179822826,1,0
-1.5547055762625608,-0.49404265923647167,0.4649318941436499,40.0,2.356824249649204,18.629494,0.4785339471540953,0.703625173945176,1,0,112.95473431602488,20.84230548893561,1,0
-2.050071617811363,2.576937829549183,-0.7202357521027983,19.0,2.7299898985772586,15.271053,0.5248671534814333,0.7012211805895755,1,0,132.11389046183993,4.107645686218456,1,1
-3.736494553010739,4.551113584405181,-2.362188481165834,5.0,0.11070061609806281,20.64446,0.7744701112571516,0.6508624930130807,1,0,151.0708850275729,1.6874526167533568,1,1
0.045463462325992056,0.5907729285613301,0.7089880645839061,46.0,1.1662670688892547,14.15974,0.6687702489526648,0.7074804556997198,1,0,116.0347270201518,16.18972319388738,1,0
-1.2461096894414376,1.3160338526228554,-0.25999618675055697,20.5,0.7331210963797545,17.05578,0.4852425377619894,0.7329351556928534,1,0,127.903583982593,8.080312366068377,1,1
0.41651246267629505,0.882969825208705,0.9050089257320393,72.0,3.56324355399256,15.605702,0.4954226213066201,0.7276012740637127,1,0,102.67789686501874,29.75390995552978,1,0
-2.0847245619462598,1.733938904345448,-1.387180695550637,6.0,0.7018182865750155,14.734429,0.5516513303706521,0.6624109211720919,1,0,135.2247145320809,12.109914706679689,1,1
-1.3784732049866613,1.3632011444852934,-0.18156825980064134,33.0,3.1571446215600947,17.66363,0.5662341086488021,0.6353221410199216,1,0,118.33990706883236,28.076111674822013,1,0
-1.6921564425150637,-0.18712043304898382,-0.8663331051278781,39.0,3.0262237828391783,14.248322,0.5590134247353202,0.6904038692775526,1,0,118.53777599146454,27.032667657845916,1,0
-0.8216837487373918,0.5120083659034159,-0.6041295451885296,50.0,3.6567647616243626,19.718685,0.6081594824790955,0.6991965833463167,1,0,99.00774634952734,12.69035018936135,0,0
-1.2436378622661677,4.363234358923479,-0.667959712186946,14.0,0.17126368829785932,13.896549,0.6132149649293799,0.6764773193158602,1,0,137.93246320621685,8.454092243294497,1,0
-1.50942249327414,2.4413817614329387,-1.0504295105573098,10.5,2.654607144025178,14.869911,0.4014064167675219,0.7454519930638766,1,0,121.13998307271484,7.746320393803037,1,0
-1.4715079543849179,0.3667019811367341,-1.9602589145586196,26.5,3.543852885539028,19.597734,0.7169883996248245,0.7111435532569885,1,0,113.15680351580764,4.005448133811934,0,0
-3.0362142586301575,3.162602958434946,-1.7627042210261523,3.0,0.8169113146570428,13.521724,0.4407019897511131,0.7772469395085385,1,0,144.94535953774192,1.5355703340487237,1,1
-1.3533362295600715,3.1789290049342545,0.055912289889316465,23.0,2.0952153265078746,13.888789,0.5657118088320682,0.7250494141327707,1,0,131.43671713013566,2.0538787885983822,0,0
-1.6856603478943177,0.9159819547545633,-1.7879606011541809,26.5,2.674427636998576,15.781814,0.5592804880518663,0.7288354415642587,1,0,137.9427914942447,11.325778014204648,0,0
-2.1988274303569804,1.6495365208638997,-1.139643787033347,9.0,1.8247319162573081,13.440413,0.3830012506560275,0.7194245394907499,1,0,142.39343090169143,11.109618573632355,1,1
-0.8868232771843405,-0.8901367345486572,-1.082617191907961,34.0,3.145821054600143,13.911929,0.4089271434043583,0.7646559194514626,1,0,124.62926005872797,25.87230583036057,0,0
-1.8633423478526268,-0.6475813663768349,-0.3816837702096632,22.0,2.655826863108352,12.393035,0.44714378291054774,0.7258155220433286,1,0,125.07555819593964,31.939907862498224,1,0
1.3414633228022437,-2.813265787200755,0.625697830890296,45.0,17.066564074630428,14.668901,0.5399829525696603,0.7130117134044045,2,0,51.78078828874699,113.3183210137357,0,0
0.11245878629905907,-1.93372231944761,0.41164427174998103,12.0,17.35817396314202,12.181041,0.5067470544262936,0.6927543564846641,2,0,64.13777651781882,131.0161378809284,0,0
-0.959197535847759,-0.7793931845435254,-0.14411029969099884,32.0,17.420237768332065,12.323856,0.46462053060531616,0.7683705248330769,2,0,85.00349217892199,152.4817143531572,0,0
0.8856268783818567,-0.2638876379578086,0.9004213134148608,28.0,15.650562063621834,12.853235,0.41094470024108887,0.7664658521351061,2,0,67.41515633728244,110.092197721606,0,0
-2.1333001987382767,1.4895822696270922,-2.278493078569354,47.0,14.4874439497649,12.725378,0.48801337653084803,0.7108241978444552,2,0,149.61260893571463,84.90771258168024,0,0
-0.39594245458793215,-0.8782163456359091,-0.6303093020458601,2.0,16.045467964069402,12.257568,0.4954324733269842,0.7083308006587782,2,0,78.80284927652778,133.43095320973535,0,0
-0.7121601382367307,0.785396810909066,0.5097943199590889,10.5,15.866915629130137,12.028815,0.46972458299837616,0.7380341542394537,2,0,95.64727628529548,140.639803612248,0,0
0.6202910696701013,1.018532862114879,1.2451247208492013,25.0,14.536994398650204,21.93646,0.4060976599392138,0.6392459963497362,2,0,82.60461162525553,100.86863157473184,0,0
0.1098648763572165,0.38608331854264355,-0.15495690371276205,35.0,13.884044820636873,18.070019,0.43240480673940557,0.7166921715987357,2,0,87.86322608459186,91.97196032164284,0,0
-0.03990584906173554,0.4104633629471159,1.5138433653952923,1.0,15.064871604595202,16.868319,0.39921861416415166,0.7061678453495628,2,0,88.57182977581463,124.15421355052386,0,0
-1.577634636567062,1.1676702988397163,-0.763300896386359,17.0,12.693409948526714,19.426367,0.5086708382556313,0.6719551306021841,2,0,142.40274341895258,97.5176240777332,0,0
-0.662952598889479,0.9250228788154953,-0.9873419968714294,38.0,15.895478626383275,19.364628,0.41183755899730484,0.7318495825717324,2,0,116.29305485206994,133.6074428245904,0,0
-1.3786995928612635,1.3039430926254478,-1.2146503530915622,29.0,12.287534805906962,17.763084,0.4309340433070534,0.7240429238269204,2,0,125.46321990194008,88.07821889156199,0,0
-0.6587822639112341,0.15654582749970944,2.3876609839561125,13.0,13.56045060398348,15.788399,0.3904722623134914,0.7428170254355982,2,0,102.22589077002677,125.50195425347584,0,0
-1.3026622964858,-0.27520384072909987,1.4578629673213053,4.0,13.292390714030065,15.479205,0.4235877253507313,0.7547419980952614,2,0,100.53678261619876,118.40230295678587,0,0
-0.4172549862170903,-1.05088091250454,-0.9517714653291128,18.0,12.71047230145459,16.626677,0.4342657280595679,0.7386189416835183,2,0,94.61851585137,98.09751274422324,0,0
-1.8240447681515806,1.4131005362334128,-0.9590936488047973,43.0,14.71352088360183,14.510629,0.39875112552391856,0.7550968057230899,2,0,129.68418804356847,116.94602450203058,0,0
-1.2044210599330667,0.5196103534964125,-0.13388443053144114,7.0,12.665678766037523,16.200647,0.46891285871204574,0.7792230844497681,2,0,129.4559215600413,107.7028961550855,0,0
-1.265910711647449,1.3436977710798095,-0.10434316401158628,8.0,12.897642228545665,18.386885,0.4267110510876304,0.7598765649293598,2,0,116.42857834332636,118.807842061352,0,0
-1.5328095001806854,-0.3242074048934962,0.4063148011344169,15.0,12.486398190312945,14.318273,0.447604249966772,0.7727653823400799,2,0,112.46727751871516,105.08688617354238,0,0
-0.8386783754289205,-1.6829173417453058,0.029765372400702,123.5,14.653061680726758,15.3097725,0.4881076859800439,0.7773967887225904,9,1,21.658928891459357,97.06140407474238,0,0
-0.08268182781174917,-0.8350545701634438,0.6241351520520031,48.5,16.093544856854585,17.435118,0.3569818256716979,0.75123278404537,2,1,6.183059977394685,113.2101526022456,0,0
-1.461095297203653,-2.0366235513031925,-0.7533708035008836,108.0,16.089948348287226,14.867756,0.43858059299619573,0.8034158380408036,2,1,8.722369948244449,106.64674969464652,0,0
-0.7485252916067306,-1.0920010090303016,-0.3561804655870648,78.5,18.029320348145983,12.613871,0.4502187904558684,0.8274027360113043,2,0,22.34703412928461,108.96176842213625,0,0
-0.7312128548504438,-1.1655352389229854,-1.5473933927173338,67.0,14.587113772130268,13.959118,0.4378179084313543,0.816720796258826,2,1,6.348171994140516,116.30586038649912,0,0
-0.012203454263307972,-0.39148911283904464,1.1360029900031459,68.0,15.383325619585737,12.392,0.4597436142595191,0.8233294832079034,2,1,14.191686075965253,116.68267235087262,0,0
-0.6668895653010973,-0.9279793170179922,1.3783275301552211,36.0,17.530968160272565,18.088058,0.44111832348923935,0.7575227116283617,2,0,17.876887076744705,117.12834101924334,0,0
0.06439074347542402,0.25089778785370326,0.7841599532608977,63.0,14.104277255851127,11.79862,0.33421934513669266,0.7411743935785795,2,1,6.664884933410775,124.62757337621818,0,0
-0.9820736637200831,0.20098376363819245,0.7079452811623748,41.0,17.96943924774471,12.815039,0.398649516074281,0.7869297611085992,2,1,26.194606328691837,123.997456300405,0,0
0.1270397121956439,-0.8479691791435808,1.3313070707481591,87.0,18.18221955160914,10.924651,0.4347568797437768,0.7833156491580763,2,1,45.65595250887765,136.26468072637397,0,0
-0.8448476264169352,0.27178571168796606,1.0422288366726857,57.0,16.698680613477073,16.015682,0.36807138119873245,0.736841336676949,2,1,17.63605335730026,129.8858965099688,0,0
-0.3989415171615632,-0.23231763556646087,0.47214106778686404,70.0,17.87910996968081,10.805026,0.3676469082895078,0.7763526094587225,2,1,36.16416222150578,134.8309075743059,0,0
-1.335721016949065,0.4750164708888901,-0.8250286473253878,77.0,18.407630618772092,11.641223,0.38150469958782196,0.7789151323469061,2,0,70.96077062987793,160.93523645264133,0,0
-0.052964176888329564,-1.403951234131798,0.47473476003002263,20.5,18.00286167682787,10.930636,0.3688603976839467,0.7780405282974243,2,0,58.57106803709492,142.4495205725782,0,0
-0.27513135987730836,-0.08668317348533087,0.5496568887417206,31.0,18.071356763758306,11.05101,0.3691183869775973,0.7724249457058153,2,0,74.88221450522889,153.2806612423061,0,0
-0.6401058246259986,0.1416378311257599,-0.2853489784077084,97.0,8.05344027748243,10.666372,0.28133149837192734,0.7398528237091867,3,0,112.9656316020135,46.76984680237516,0,0
0.08411862436629261,-0.6302060629817472,2.1878781460894667,122.0,8.933144220737994,13.774342,0.37870729361709793,0.7290246486663818,3,0,107.63678829689428,53.35390140618602,0,0
0.06766437817999087,-0.9471434153221987,2.328712559796305,65.0,8.458287121818767,13.936404,0.2657468993412821,0.7185132754476447,3,0,98.20761263419216,41.4540403888745,0,0
0.459896933635482,-0.4903217292898304,1.940579690474036,55.0,11.535179731881929,11.901466,0.39696613973692846,0.7458532170245522,3,0,90.12161509237028,42.14556551235486,1,0
-0.10157475743852593,-0.510941274944541,-0.44452760366388894,101.0,12.592418360775238,12.664536,0.3627626550825019,0.8087551123217532,3,0,75.65789093332106,56.66291699457975,1,0
-0.4588611108785104,0.47623412110656466,-1.308295989415685,58.0,4.581681680606101,12.636671,0.29346850828120585,0.7294605531190571,3,0,106.8292198682597,37.93455951758857,1,0
-0.6265416043792732,-0.5621667832990823,-1.0304251849484567,42.0,5.546747017279656,11.923424,0.3508511366028535,0.7743028810149745,3,0,110.06799212548776,47.60609631403807,1,0
0.4087344699392973,-1.2383283514896442,0.16028390537756065,56.0,8.184887688629058,17.93146,0.3099079069338347,0.7369230891528883,3,0,101.38664386478553,53.134102068092005,1,0
0.6555342291719999,-0.15128282258509881,1.0208558847889408,52.0,5.2272411604616025,11.762911,0.4872108729262101,0.7999571718667683,3,0,108.45814895961315,42.28948906533973,1,0
2.2353666132852097,0.39741096088964795,1.3495119459602856,85.0,10.193493299332228,14.854297,0.42287311036335795,0.7377396069074932,3,0,88.03953665075336,62.74113504884237,1,0
0.912303662102152,1.274862681574324,0.6677117611087404,48.5,7.7548902867905385,14.8866415,0.35312899241321966,0.7331475019454956,3,0,98.98712312121222,55.026082426820864,1,0
1.2699048811191571,-0.6897412639298354,0.6868749252681567,81.0,12.595340915899445,13.396846,0.42557069502378764,0.7215879151695653,3,0,85.20150591310112,74.70659536803397,1,0
0.5825623131915906,-0.15829800920392634,0.8517108549735883,53.0,10.379436895466615,18.087091,0.4407990394454253,0.696126423384014,3,0,94.83611260308814,68.59140877452764,1,0
0.5273300706933863,-1.9347279958043868,0.8435581168455177,61.0,6.882484955210872,17.95471,0.4813000308839898,0.7847502262968766,3,0,110.957793766791,66.29695190337765,1,0
1.0933932622586822,-0.8998553759326373,1.486421067296593,134.0,11.638184461231866,14.864288,0.4283054298476169,0.771135992125461,3,0,85.34505749196309,58.038888770917616,0,0
0.48986141926666144,-0.3447920834179429,-0.1405164485620553,64.0,17.509783863827618,13.334502,0.5995404610508367,0.8063800178076092,3,0,41.32019217125448,122.01504370867458,0,0
0.8773687340830209,-1.010182665548643,-1.061552788176484,91.0,15.482890058991622,12.05719,0.4653704950683995,0.8129673161004719,3,0,51.55678384008685,110.59040449821867,0,0
2.9218759846061313,0.028618743127423033,1.9222332571726781,80.0,14.16591373822553,12.162969,0.44445874267502833,0.8390973931864688,3,0,71.10008599291797,88.13128138836042,1,0
0.9510644459500666,0.05558903545970812,0.6203113975031352,71.0,15.088786235534728,12.276144,0.6988214819054854,0.7892478892677709,3,0,62.061990397379056,99.3702610417125,0,0
0.8265698682832271,-0.4947486320724973,1.6255881505971759,62.0,14.692837757867723,11.355365,0.5403575567822707,0.8649695452890898,3,0,75.84750092707404,89.19924704193049,1,0
0.3236705059065626,-0.8179875841399609,0.2453209547117169,83.0,10.021691008954292,11.050003,0.4126689496793245,0.833621621131897,3,0,118.97260965784145,69.44864339697584,1,0
-0.2689284285250306,-1.4121452487762467,0.42581531362632036,66.0,12.239429115906558,11.490168,0.6242885840566534,0.8338638230373985,3,0,100.53203859302586,81.9854931558603,1,0
-0.27500147615733483,0.135985689523847,0.802424134123995,54.0,11.763654078258636,11.318261,0.5203457051201871,0.8494055773082533,3,0,106.74613566329712,86.52936508726586,0,0
0.6034281658193418,1.541689115985571,1.386401548554467,78.5,20.64705052554281,12.238964,0.6593321467700758,0.81861811876297,3,0,104.34484367851198,149.862762141861,1,0
0.46254432750255975,-1.0881188563277573,0.29824283237321186,103.0,20.821159531727396,11.094501,0.4414828686337722,0.8231034467094823,3,0,116.62508103213068,139.84778368016924,1,0
-0.8432415176756244,0.3689428559675402,-0.40668951802048675,74.0,19.052544708129368,10.996894,0.512408606315914,0.8029429943938005,3,0,127.5949863552389,127.5804967630322,1,0
-0.2629560009056468,-0.5516179385912154,0.4866421075449976,88.0,15.140782500344313,12.455148,0.7987262261541266,0.8142088557544508,4,1,20.79165680468064,113.96400300002652,0,0
0.25741798903952456,-0.4353864484954807,0.5282630982791584,90.0,16.221244121862263,11.274913,0.5155135110804909,0.7925306182158621,4,1,27.653276381906416,122.99881425080162,0,0
0.3216224660314529,0.3299586762267732,1.228317870542314,131.5,15.161326178420854,11.77234,0.5761681450040717,0.7925404686676828,4,0,33.46896121498522,111.07745361352092,0,0
-0.32677760699313013,0.8679161682427984,0.02603885212475619,115.0,19.90354031467804,12.034787,0.5877896766913565,0.8052659505291989,4,0,86.98738935724083,167.56425581769483,0,0
-0.4404964154744335,-1.6455150426206757,2.075436119171232,121.0,14.56436006253073,11.287949,0.41278365724965144,0.791997890723379,4,1,34.00206962533224,78.85492702987975,0,0
-0.4957181300316256,-0.9675406572229214,-0.41380907921411175,135.0,19.646054302351374,14.8500595,0.33001393315039185,0.7506888195088035,9,0,41.88678826725201,89.77638999268801,0,0
-0.16781061337753259,-1.6056346604488252,1.69717373038129,136.0,15.18313212006167,16.62834,0.3619712191192727,0.8004610538482666,4,1,20.180442728745465,94.69516168209589,0,0
-0.26649945259297686,-0.9332020240640937,0.30817120995831826,152.0,18.35004068403054,17.390978,0.3391229737746088,0.7786957119640551,4,0,33.13651419781818,98.93027329772605,0,0
-0.40891016672573377,0.09262427630329434,-0.8555886530407387,109.0,19.471527531735155,16.789284,0.4226174856487073,0.7762514823361447,4,0,36.92385948620223,106.84672239224854,0,0
-1.3910320852629954,-0.4156544765162268,-0.4329671479810025,107.0,18.503977998680725,16.241934,0.43797495490626287,0.7793500893994382,4,1,44.10507879748057,122.1764165435563,0,0
-0.3093821579913894,-0.7602003146830212,2.2480927517005047,129.0,19.772695309441563,15.092239,0.40056472154040085,0.783882526974929,4,0,66.3407428266801,139.68454942202254,0,0
-1.2685082589356829,-0.35148565894472283,-0.8039793950030356,105.0,17.83259590534174,14.479879,0.4701629594752663,0.8193982494504828,4,0,141.0599343716699,79.59156288928874,0,0
-1.3681112044892363,1.6827242275550849,-1.1964377432898627,73.0,13.223461399747912,13.703161,0.44397157273794474,0.8070743805483768,4,0,146.7622031857892,76.59942882754876,0,0
-0.616456287105599,1.413348015607111,-0.565342896655677,89.0,12.230768158084947,13.627665,0.5449670961028651,0.837393017191636,4,0,147.1031386493631,73.248254630376,0,0
-1.068776293570207,0.26488841174046246,-0.2779988711583895,125.0,21.626970877746892,13.071015,0.5836326119146849,0.8684256202296207,4,0,154.21983850417234,96.5947404492106,0,0
-0.5323586239475185,0.572569761966281,1.538906233300811,51.0,12.267007121476663,13.4262705,0.5579220072219246,0.8562047857987253,4,0,133.33881595681794,74.92514469536363,0,0
-0.5880653387678049,0.021508253878604985,0.7545456539744341,30.0,12.585405972554119,15.773479,0.37697967886924744,0.7674783436875594,4,0,146.26283640407195,83.88339699280964,0,0
-1.3005372335767154,0.5595496499898217,-0.14178703683194993,69.0,18.02754523487343,26.303982,0.6639787146919652,0.7547200604488975,4,0,142.2251638783936,100.724092567881,0,0
-1.2081472045018649,0.16821227960228757,-1.0530307617417292,116.0,21.33053475583757,23.515034,0.45353359611410843,0.715660920268611,4,0,142.92063182974917,117.8797305139297,0,0
0.3160663880450498,-1.186996714342242,1.9636505780728142,156.5,15.175462831642994,22.22126,0.5159057504252383,0.7389415878998605,4,0,44.034375952465496,94.47715694656048,0,0
-1.390548059476964,-0.8424349752329068,0.7160792579992522,146.0,20.869909857602565,20.918156,0.4209831372687691,0.7200403935030887,4,0,85.52625825252527,127.33354372389928,0,0
-1.1565864997520303,-1.4200495627820668,0.16244371903960642,172.0,20.128938387209416,20.458239,0.4521451043455224,0.7814165667483681,4,0,100.76742122371434,142.14082224891837,0,0
-1.6948158234125867,-0.8164507753751813,0.49967607263470754,183.0,21.57577077350678,19.352121,0.45363039562576696,0.7794785123122366,4,0,128.84316482223878,159.14210678539413,0,0
-1.0970124321097159,0.35913542095430906,0.19319006317340007,160.0,20.780866575861406,20.55158,0.4738864961423372,0.7447999590321591,4,0,120.06055280798842,160.80365082208698,0,0
-0.2785137254494934,-1.4312193657526224,-0.22584206159429696,164.0,21.00890659871083,19.431221,0.4701153400697206,0.7816519643131056,4,0,61.20428688819119,90.03273357580305,0,0
-0.8209342438646109,1.4148533812011141,0.15127750033690604,139.0,21.12951045675056,28.777393,0.39632734499479594,0.8013030384716234,4,0,55.57698571869252,105.71575171807623,0,0
-1.1612390471341716,-1.0935483148850835,0.2820982714318966,176.0,21.62392496442977,19.504675,0.4023024580980602,0.7502224696309943,4,0,136.5850461126093,101.28055390359928,0,0
-1.3377482051994973,0.43811467041252644,-0.09798671627712009,142.0,20.900771875291987,17.709381,0.4165424782978861,0.750229161036642,4,0,136.64345912424807,89.20456780770833,0,0
0.31681537593130205,-1.136285519282668,0.5735012244843478,141.0,21.08067919647911,15.951093,0.5250664635708457,0.80097412435632,5,0,72.12556966228382,84.61995074613583,0,0
-0.26751695645906615,-1.2342856568857323,0.39844834427856063,161.0,18.072361809277496,18.707226,0.37407788085310084,0.7780336612149289,5,0,67.62253446925894,86.7903418773639,0,0
-1.3992878609909152,0.7104280301834588,-1.029392345696534,153.0,20.564606629126136,12.197534,0.37591349921728434,0.7461085884194625,5,0,94.9007974590568,105.26434628977351,0,0
-2.367381734463715,0.3895948392397475,-0.3657547711497095,166.0,20.523062880112345,13.973993,0.42614234434930903,0.7640328093578941,5,0,87.70918056885256,107.2316924017114,0,0
-0.30045938347947254,-1.7098401388642264,0.83819813434067,110.0,20.866410932546906,17.512161,0.35203801722903,0.7612024137848302,5,0,84.00537829842125,83.57377213592083,0,0
-0.5937801736096405,-1.4868019521803302,1.4703623441559974,178.0,21.13864342745843,21.753176,0.3703087301630723,0.7503399503858466,5,0,115.37502769137876,125.83076598490216,0,0
-0.32287986139440406,-0.008387410019052811,0.7894310855603027,127.0,12.079578582170603,30.161755,0.28814488335659627,0.6241320810819927,5,0,78.10701383683661,57.96231186641363,0,0
-0.10248127058208437,-0.47243759890483605,2.598463887155023,155.0,13.110736854604191,30.807411,0.4026753761266407,0.6814588527930411,5,0,89.21841265729235,75.70261388894566,0,0
-0.447806434147737,-1.0116882113059167,2.5840211387509893,149.0,13.849298396090552,40.842255,0.35333554995687383,0.5903857679743516,9,0,68.85176214601681,84.30699275568944,0,0
0.39548782778955377,-0.2951773950926683,-0.10195752963111752,145.0,12.153204747005077,39.77592,0.3908778597649775,0.6871689652141771,5,0,97.96627750439698,50.48148328380381,0,0
0.34377766403531923,-1.1230628078820233,1.6323023955705447,131.5,14.182799704115032,28.95906,0.2864653428918437,0.5377266846205059,5,0,53.92552219299934,68.61227712393706,0,0
-0.5280313257611347,0.33955554468379967,0.4980779191659497,137.0,11.006545715072999,42.12704,0.37131813874370173,0.6503750744618868,5,0,105.52613174485954,60.27886997934498,0,0
1.0758604908372238,-0.3278715115519215,0.14224270068521228,100.0,10.012137468794641,30.927832,0.4733323878363559,0.564712825574373,6,0,91.13234739897143,58.160701859354056,1,0
1.3384216288345487,-0.6883088558770408,0.986927542439653,128.0,14.724829689460114,29.828587,0.3182462736179954,0.5764667517260501,6,0,58.06180529256216,99.45050218644008,0,0
0.6264109639129917,-0.822117312021736,1.1390183871493724,104.0,14.300452105685924,34.90136,0.34950213996987595,0.6279796612890143,6,0,64.87982914386083,85.75832167074581,0,0
0.8247588273852904,-0.013088726884508527,-0.08381981343406743,95.0,13.759637169235575,26.120573,0.38531296425744105,0.5755981708827772,6,0,75.45390103627929,79.61720294103404,1,0
-0.6605303627637849,-0.46531962075142935,-0.6393380143667113,140.0,21.554722766086964,32.653656,0.4604071519876781,0.6080408190426073,6,0,126.1992497510688,137.74850263520062,1,0
-1.1679945264361866,-1.3736335340711532,0.11572093760507618,147.0,20.499358759360156,21.753006,0.25517405255844716,0.5848291861383539,6,0,87.52000534941543,137.13285727776287,0,0
-1.0133595946927092,-0.6247476099818808,-0.3023789088940276,120.0,21.55758428013803,24.697775,0.6767267945565676,0.5487246983929684,6,0,84.80478416144135,149.14500484152177,0,0
-0.8817849206945637,-0.9032874647705212,0.7870854009172158,170.0,20.132940860545123,13.254113,0.5994387849381095,0.8385253548622131,6,0,98.69952946044168,150.81655996284542,0,0
-0.18614382417879952,0.11860125122991375,1.2079838515231796,133.0,19.310138839865168,12.449287,0.5858013159350345,0.8392179263265509,6,0,75.03933588153866,155.82494900904516,0,0
-0.601571567884653,1.1576463838808932,0.5056237805910886,156.5,21.505988462288727,11.842636,0.6446886658668518,0.8488529983319735,6,0,89.17943866873439,161.44528413560298,0,0
-0.14061355485893334,1.8375922333859351,-1.2807596082265627,59.0,18.615044676053007,12.035453,0.48442063049266215,0.8450869635531777,6,0,123.39554029681628,66.34180392337113,0,0
-0.2051347680479371,-0.2979632988145189,0.7813370670678244,200.0,12.379221829116128,11.49698,0.521991103887558,0.8530905999635395,6,1,87.43772599488933,79.43976220191712,0,0
1.2637937227262919,-2.241255439736559,1.444154638584398,199.0,10.978138171054992,11.484945,0.5610918151704889,0.8461929277369851,6,0,85.97750916973965,70.3233641904215,0,0
-0.7125370333432459,-1.3115961472574025,0.7683111834452274,193.0,14.522394080107134,23.81945,0.287090288181054,0.6382355611575278,6,0,50.21793211953301,82.82514027058204,0,0
-0.001541813639287465,-0.44808953507386906,-0.5270779682420186,175.0,14.56141197079281,19.172382,0.47245325383387116,0.7905524969100952,6,0,64.17922369749247,76.24763566566986,0,0
-0.3555507159328119,0.22235138097508475,-0.9172008699661779,154.0,15.296959843417977,28.136192,0.4268932075876939,0.740641524917201,6,0,56.031410098141656,89.84692039844303,0,0
1.215323211323373,-2.470092512037048,2.8339536267591976,130.0,14.058929122135956,43.283863,0.33883884313859436,0.6739121455895273,6,0,74.25879545059705,74.82616980296996,1,0
-0.04067577647287866,-1.4972300373310434,0.7169335202279074,180.0,19.99621313887899,32.214848,0.4228326411623704,0.764350950717926,6,0,112.18314136897058,162.7261492370382,0,0
-0.5493741744038056,-0.8200751632483696,0.688852048381099,187.0,21.25485294191416,36.310474,0.4318603488959764,0.7535453721096641,6,0,102.91924460983924,163.4909916203613,0,0
0.5014697024084556,1.4711300848157571,1.3777753070683536,144.0,21.223037504610947,30.39971,0.4198836809710452,0.797235485754515,6,0,98.4809025816988,165.23752831430667,0,0
-0.6265608821251532,0.7682479078892956,-1.2287407869720226,179.0,21.752512725375144,29.091755,0.45792038660300405,0.7931385636329651,6,0,116.66320424313304,154.56016387907965,0,0
-1.4265426904687832,0.7552516229795703,1.1467303572915337,168.5,21.223003369051888,23.011444,0.44295326188990947,0.8048688769340515,6,0,85.210480878113,105.6560767009304,0,0
-1.4110579710876698,-0.194979102127805,0.4265658499464615,163.0,20.364930716878142,19.679762,0.435378455802014,0.779490568135914,6,0,102.35292366088744,122.1799453871036,0,0
-1.5399327478720979,-0.35534523604482166,-0.6067691027134364,185.0,20.835330235589424,33.30621,0.4632479030835001,0.7946216369930067,6,0,97.55598705789004,125.66506667780574,0,0
-1.5578241848682262,0.960944665209666,0.4782258037282506,173.0,21.08526059039529,22.176031,0.49106788478399577,0.8113406363286471,6,0,120.58302946499252,146.8313654946318,0,0
-1.6844465026398792,-0.00812799555473144,-0.5385754974097601,171.0,21.949517922914872,19.077333,0.460384886515768,0.8051433751457616,6,0,154.40513465384913,106.93488626950716,0,0
-0.07520161771970285,-1.168132378929181,-0.17698632029059372,84.0,4.362271987928979,24.497374,0.3921886117834794,0.7893918878153751,6,0,131.4257032447846,23.15291141333645,0,0
-0.7365492277159282,0.9166063803166778,-0.8172051227624207,82.0,4.844835021991667,21.285864,0.4372529011023672,0.7935113310813904,6,0,120.48874292405732,33.77071943720914,1,0
0.14271656353027415,-1.0576722040365258,-0.2563285596898894,113.0,6.201674197132393,19.470888,0.42768123353782456,0.8020257949829102,6,0,127.13314911162156,51.10189979388142,0,0
0.029599316673609665,-0.6589262545764542,-0.5154921727215556,99.0,8.381571963467565,21.633814,0.39325172414905146,0.7813317022825542,6,0,131.62119356698642,60.25607520014791,0,0
0.11394940184921827,-0.7724633169460645,2.3108797433295676,86.0,5.7726436142503506,19.657822,0.3696487436169072,0.7809657642715856,6,0,116.12104364886422,54.19171777447921,1,0
-0.49841576718976555,-0.931541654324989,-1.8231129990196022,76.0,6.433367546551064,12.71081,0.8129242439019052,0.8586190280161405,6,0,131.51433462001742,33.572133427170584,0,0
-1.4611710150664825,-0.7364371905450863,0.3612468110958762,44.0,8.513213525790881,12.0844555,0.7321884773279491,0.8363549521094874,6,0,129.75364015780883,50.36509789415338,0,0
-1.410651421811915,-0.8241311178025496,1.362158905793082,198.0,13.077328388138712,18.154552,0.6898872366077021,0.7049197366363124,9,1,71.79521041132489,95.37754164445684,0,0
-0.647462238597843,0.1840701597085816,0.06734674242960834,186.0,12.772571915393463,17.311035,0.5838152749670876,0.6346409188376533,7,0,62.28836362614215,69.68088473996296,0,0
0.4051735827624884,-0.7871638339830906,1.118350843573392,158.0,13.074621216887317,22.7909,0.3860980962452136,0.7635954869420905,7,0,77.8364801263361,62.33556085378813,0,0
-1.2577146906342422,-0.6142674302525395,-1.1019376432753647,191.0,21.461104852480396,21.106651,0.39707470097039876,0.7717535997691908,7,0,125.90803171430012,151.02873540835952,0,0
-1.091017009567037,0.305199567825965,0.26808996093052295,184.0,21.475371359275236,14.010327,0.4828267317069204,0.825302171079736,7,0,133.2730997697077,139.47034354445992,0,0
0.09089988788733407,0.5412827443344109,0.9264783437944012,143.0,7.030690199383008,13.518755,0.5203961212384073,0.8176959847149096,7,0,138.69265945441757,38.56807315199976,0,0
0.41328972893712335,-1.0407767853503465,1.3855206927461259,126.0,6.3994109317035255,13.6472645,0.6136832033333025,0.8552254407029403,7,0,133.41471595575726,38.95142944292558,0,0
-0.993276683807467,0.14899559456161407,-0.5943436299558877,151.0,7.888512799625496,13.533946,0.602896837811721,0.8615726577608209,7,0,143.0187384199796,54.27464049998552,0,0
-1.0357831957186563,1.1557999575228133,0.23885377060924926,138.0,12.923278988719538,13.205465,0.6579704410151431,0.8494743014636793,7,0,136.4237655040189,63.49277623089221,0,0
1.239229210516901,-1.3402501692072415,1.0155048005794942,117.0,8.047183650986616,31.616037,0.3491407483816147,0.6935949827495375,7,0,139.65831041793908,51.94370760578165,0,0
-1.4191823076589951,0.45135028670492605,-1.0824544718541498,189.0,21.444263391251482,27.093012,0.34342035180643987,0.6180677539423892,7,0,105.06117312383182,98.1588626560082,0,0
-1.4322501166172947,2.9331585320354754,-1.0675152185139858,177.0,20.94957529149144,28.667057,0.3536548841940729,0.6202624251967982,7,0,133.59571919350708,131.80861147724968,0,0
-1.0048018855127865,-0.5542759078897463,-0.49800890163933914,192.0,21.57028704804425,24.308685,0.4006877149406232,0.7195862374807659,7,0,118.66828007539831,104.5804867967844,0,0
-1.5215975983203893,0.7596345874307628,-0.4021633277256428,197.0,21.60017842167788,19.817768,0.4241376370191574,0.7626979256931105,7,0,133.96147309038608,119.8976788639454,0,0
-1.3208418691074655,-0.7615376107232373,-0.7626464252500129,188.0,21.215163264214297,18.274132,0.4565531705555163,0.7778472837648893,7,0,141.46391415573902,147.3409711093355,0,0
-0.31681705982528185,1.1942492716772024,-0.10683976500198539,93.5,20.994403869378743,17.068748,0.4650294419966246,0.803682848026878,7,0,118.17559113131342,82.17495027969406,0,0
-2.319363558272607,-1.5949228565374274,0.05520301436762211,167.0,13.377121233680535,16.407248,0.43547820260650233,0.796671798354701,9,1,63.1470310216415,93.50186179402615,0,0
-1.5441054492933255,-1.8376915985715503,-0.406710626655595,159.0,13.208152956668423,29.979229,0.4550739385579762,0.6662788987159729,7,1,66.99653756416497,81.46352903127556,0,0
-1.259872344525853,-0.8091240996341278,0.7540639738983843,181.0,13.726273470452028,35.178905,0.4107138726272081,0.7432129257603696,9,1,63.02229397273627,98.2248131573424,0,0
-1.4962328358964871,0.9702321150336652,-0.6700593942604905,196.0,21.369852721426316,27.866652,0.4580172033686387,0.7698107236310056,7,0,150.09430633305706,129.48464272656815,0,0
-1.7224063647117704,-0.9573207994029012,-1.1755302828102288,194.0,21.64849640439852,24.406038,0.4331264370366147,0.7589143075441059,7,0,138.99782784876933,145.62450298624373,0,0
-2.0089294839004914,1.1305280122717003,-0.10040139378385125,190.0,21.565919355478954,31.893084,0.4148853578065571,0.6867472466669584,7,0,154.32072988107558,116.95252949870466,0,0
-1.3324731097901819,0.2367961166607848,-0.6546536707079782,195.0,21.92134833167776,37.636627,0.4205461089548312,0.7114408800476476,7,0,147.4982377694177,130.10814075588866,0,0
-1.174270352673811,0.8678845059459486,0.029900542242192216,162.0,21.896853599268834,27.891897,0.374560694945486,0.6919284996233488,7,0,148.76786953604486,117.6603278008186,0,0
-0.40709590513236615,-0.8418432826520392,1.6565307573320562,174.0,17.32016264833545,29.842726,0.4340475656484303,0.763561957760861,7,0,64.38704004454192,85.85310107683173,0,0
-1.8788748059528921,-0.46556818088899904,0.04033979643587925,182.0,21.4031184841308,33.907677,0.43566312915400457,0.7525804764346072,7,0,75.3532328746849,107.84156681636254,0,0
-1.148258727085838,-0.8242913130939916,1.3496172775198274,165.0,20.94862197857323,21.19096,0.39793505323560613,0.5517896586342862,7,0,66.89038244222927,122.13293884345158,0,0
0.5631342780649777,-0.8783447768450076,1.2871661156034442,114.0,10.700754200231442,31.206114,0.4191569795734004,0.7747930194202223,7,0,81.95065769783331,51.2111571814064,1,0
0.1361245050527732,-3.838837994016696,1.7408653724219914,106.0,9.751549130665314,32.330936,0.37603953402293355,0.7876740882271215,7,0,89.4051182765235,46.644828231648496,1,0
-0.870513767886268,0.6616639002494864,1.054400924224214e-15,60.0,3.6140451500993986,27.895395,0.39182679433571665,0.7763220573726454,7,0,117.53456356625558,10.75584470417245,0,0
0.01386619338183218,-0.38074195634908364,0.6993414847039909,118.5,3.948398693628656,24.62457,0.38109585799668966,0.7981686937181574,7,0,131.2484314123273,17.058754667758027,0,0
-1.0304565168817468,1.1836311798468042,1.1944364361625694,92.0,4.773793030530284,31.138018,0.3747138616285826,0.7691099863303336,7,0,81.20591362031324,34.57931517302811,0,0
-1.8941591508187183,1.2442629307435946,-1.138039295450989,96.0,5.062962871969953,22.441826,0.38861153470842463,0.8036096252893147,7,0,103.59565570303198,28.454656607981647,1,0
-0.9729676510095046,-0.18156404981657992,2.126658163042825,150.0,14.106609827850201,24.223795,0.36106094168989283,0.7573838484914679,9,1,42.64816316656253,90.8674959586508,0,0
-1.1186801833170898,-1.0607418051974127,1.1373165012876005,168.5,13.606699567155047,16.822227,0.7218061560078671,0.7915909321684587,9,1,42.19613110200434,111.83065241669196,0,0
-2.2338511094795632,-0.4869146303310153,-0.758358119444489,111.0,13.795173920976145,16.40084,0.6776431830305802,0.662016445084622,9,1,46.21246045099745,102.00281985764995,0,0
-0.8106698239840014,-0.5876931114475034,0.8295677916561887,112.0,14.093403009316663,14.274274,0.6393349233426546,0.8238498223455328,8,1,29.86867038329189,108.55989275915849,0,0
-1.9460240695401718,-0.4928009309416609,-2.0880636387974776,98.0,13.76827376809143,14.9968,0.7385402729636744,0.8414823036444815,8,1,49.61730420415874,89.11527273357555,0,0
-0.8437814486907359,-0.1907352706978754,-0.22683024199281243,118.5,13.204079554528674,13.155385,0.8204854601307919,0.8471851537102147,8,0,64.06657555076006,71.120882559612,0,0
-1.3501233635329317,1.1318186005599633,-1.6603604537514156,102.0,13.563625544133329,14.671436,0.6394184514095909,0.8338163557805514,8,0,49.64027772262398,81.62111560332843,0,0
-0.854880841383016,0.05264807780462976,0.027501690259987912,93.5,13.881528484746765,16.943493,0.6081182188109348,0.7948352882736608,8,1,33.27347716997295,98.04227460135188,0,0
-1.3033129360731106,-0.5768705151639899,-1.0923833361354647,148.0,13.228335397721294,13.816813,0.6741373899735903,0.853284311921973,8,0,54.43441962371196,76.04138025349084,0,0
-1.3526472357173396,-1.014836515973623,0.21123550020359427,123.5,14.003551483700127,12.544094,0.54871204024867,0.8036224089170757,8,0,40.55632196845453,89.8708719737805,0,0
