1-THALAMUS,2-AV,4-VA,5-VLa,6-VLP,7-VPL,8-Pul,9-LGN,10-MGN,11-CM,12-MD-Pf,13-Hb,14-MTT,26-Acc,27-Cau,28-Cla,29-GPe,30-GPi,31-Put,32-RN,33-GP,34-Amy,subject,hemi,group,IC,SC,SOC
4994.027344,0.014016819728490459,0.07348818673188265,0.02723267988578318,0.16179415937134684,0.054465359571327164,0.20204245681839422,0.026431716910519185,0.01061273524336554,0.021625951874243484,0.12214657929994707,0.00480576703866762,0.00941129388417702,0.15198237769200326,0.752302750707566,0.19943932289370342,0.10833000176700673,0.06147376793377846,1.0897076467829607,0.06387665065215549,0.20584701368026792,433.002380,sub-sc19,left,sc,33.673591725927146,58.53061347099877,13.026117404070966
4592.025391,0.01655052259705591,0.08667247306168042,0.025043553379602814,0.13392856193812802,0.04899825607257841,0.2391114785976583,0.025914633711135768,0.015026132289084289,0.022648082957867077,0.12543553768864601,0.004137630649263977,0.010235191445612805,0.15810103498619787,0.8414633872829124,0.23236061827777468,0.1125870969732188,0.07382403909708696,1.2332316936006245,0.0714285686753512,0.22256096776011924,384.002106,sub-sc19,right,sc,28.460638256309597,49.633575474912824,15.204303481877947
3557.996094,0.0205171456267484,0.06942102646389246,0.0205171456267484,0.12563237850479775,0.04918493791915894,0.24592468931473763,0.01854974802004378,0.014052839204718923,0.020236088544733515,0.12085441654225718,0.003934794932352166,0.00927487415055043,0.12759977807890197,0.8631254067925348,0.14839798500352147,0.09921304708436254,0.05030916203136225,1.0874086839287014,0.051152333277406904,0.17987634390022464,231.999756,sub-sc13,left,sc,24.142739549152612,22.848311007516312,9.906027304689504
3589.996094,0.016991643835476553,0.06267409493175899,0.023398328521969696,0.1532033393905971,0.014763231383058992,0.21615598615746015,0.018105850061685334,0.014206128827058273,0.01643454016526849,0.12172702436372067,0.004178273069731089,0.0036211699566266993,0.09888579951195903,0.8704735326099216,0.16768801782434473,0.08635097528883272,0.04679665732249123,1.1186629455424695,0.049582171495254,0.16016713526819784,215.999771,sub-sc13,right,sc,25.07545382971185,20.720239295741568,9.9588599820743
4247.017090,0.01742406409765589,0.06875441840993392,0.024723335172639957,0.17847892672360308,0.04497292427895551,0.23757947463310064,0.012243937073490797,0.011302096031829247,0.013421239376270086,0.07534730264059286,0.0016482224704209983,0.005415587578904703,0.10784083329412739,0.7066164659582286,0.1231457573437737,0.08900400398435881,0.04520838365639823,1.0233105932710056,0.04356016095051785,0.15917118595818977,179.000732,sub-eb13,left,eb,20.88971271109218,25.364422905886215,10.088791037255673
3397.013672,0.02296143628826702,0.0771268806362343,0.02178392704449498,0.13747424564383678,0.03297027001191298,0.2537533145966096,0.01766264424972853,0.014130115340907582,0.018545776403339716,0.11775095881922021,0.0014718869226853085,0.007359434907802749,0.1218722436746201,0.8475125498405707,0.18104210385409367,0.10156020473031525,0.0629967644121981,1.2943773568656982,0.05033853363896617,0.19487783974983072,224.000916,sub-eb13,right,eb,18.466764562252948,31.722358030325175,10.802222706616563
4845.982910,0.021873710239725137,0.0647957095251085,0.024556335053191512,0.12505158917285578,0.04952538328287254,0.2961205232562407,0.014857614922954815,0.013619480758754883,0.026000825702457958,0.1432108969199811,0.006397028544205081,0.008254230306396191,0.11535287213796634,0.7261659016044694,0.18860915978756518,0.10193974456257421,0.05220800809633891,1.047461790161369,0.04952538328287254,0.18551382509931305,259.999084,sub-sc14,right,sc,26.74245297652041,24.195910977384607,9.338534868820425
4611.983887,0.014960970742871114,0.06461405098139711,0.023633998225198048,0.12098872430427465,0.02797051012333686,0.2797051148934337,0.02189939155786994,0.013009540247771467,0.025585429370776982,0.14505636541483433,0.005420641661491563,0.010407632198217174,0.15069383936032818,0.7454466184695063,0.1914570624344421,0.10624457999109223,0.05810927803876778,1.1511274920028791,0.054856894819849567,0.19449261922367161,344.998779,sub-sc14,left,sc,29.830154983892825,34.40892480814665,11.888230831251017
3864.986572,0.01578266544104309,0.06468305266857212,0.021992237338101676,0.1278137146914776,0.04217335091947119,0.26080207582154574,0.01397153961444604,0.014747736101578365,0.02742561507662594,0.11513583959742668,0.005174644368725636,0.009314359397986544,0.12031047827402387,0.8473480331667244,0.17438551685607254,0.09391979564165999,0.048641655151395964,1.2315653131847415,0.053040106137786605,0.1702458028617441,305.998932,sub-eb21,right,eb,29.632452374433917,33.58956379667218,14.415439380403166
4123.985840,0.016246363008850677,0.058680890378614875,0.0225509212708645,0.12027157954548165,0.050921432843717036,0.23836080436202467,0.01673132878652173,0.01503394735225376,0.02085353959411267,0.13336566354456736,0.005819592241858909,0.005577109353023384,0.11590688487911975,0.8052861124760797,0.17992240172192248,0.10160038910317887,0.050436468763432996,1.1850144737645363,0.050921432843717036,0.18283219299317477,319.998901,sub-eb21,left,eb,34.583587954187124,38.981464248649914,13.067933498616389
7127.029785,0.00659463990159261,0.07590851649569752,0.023151395739536677,0.16725130116739087,0.0443384301080201,0.22323557498644578,0.019082362372925033,0.013189279662874314,0.022590149874054444,0.09204433919732806,0.003788410293559619,0.008699312458394616,0.09625368346906664,0.6593236836037721,0.14662551252407877,0.077592255916186,0.038164724605539165,0.8539357312367399,0.03760348098503141,0.1377858825659447,665.002747,sub-sc07,right,sc,41.74199548505562,40.142927844124785,12.012907092442797
6040.025391,0.0026490065793168785,0.05976820818301755,0.02086092654308181,0.10579470194813292,0.030960263557607285,0.24453640645299732,0.023509933453523126,0.014735099314750545,0.02334437123560761,0.12516556223861078,0.004470198592249593,0.00794701924126398,0.1115893997737666,0.7617549174306112,0.1819536455322825,0.08675496592792387,0.04801324534696811,1.0205297958158865,0.044205299103187164,0.16076158048058112,625.002625,sub-sc07,left,sc,35.846822204563736,43.95118829526483,12.319756192451067
4179.016602,0.01770758459408485,0.06149796267308536,0.01746829384814203,0.18138310114327705,0.05503708692851946,0.20722660388224992,0.015314668041608323,0.011486001509787734,0.016750418020952385,0.08758075615800102,0.005025125286640343,0.007657334020804161,0.13519979717946096,0.7205072986690183,0.11079205351288049,0.08016271384030266,0.045226129972670545,0.9396984398484092,0.04235463001398242,0.1493180095770292,320.001251,sub-eb04,left,eb,31.273129197526316,30.79954292978807,11.489807971249535
4356.017090,0.01629935799907525,0.0645087228066867,0.021349862518560504,0.17607896735777037,0.04614325170152167,0.2089072614267452,0.015840221370665007,0.010789715014639668,0.02318640972090401,0.1083562925139947,0.0048209365496313964,0.006657483981542414,0.09550046278629269,0.7332414875810324,0.11409550117260903,0.07874196448572703,0.04545454572585251,0.9894398945069336,0.04086317806434501,0.1478420652844592,260.001038,sub-eb04,right,eb,27.187342094838144,29.96893593953865,8.879164207986632
3332.999023,0.02040203928376609,0.07020701847952507,0.025202520738932723,0.14821481902366582,0.03780378005829377,0.27422742991905164,0.0315031502485982,0.014401439865048531,0.019801979101870263,0.12931293259488005,0.006000600018777744,0.009600959910032354,0.18241824039082535,0.929792958718188,0.24212421018762478,0.11851184932075512,0.06960695829762924,1.2535252804363033,0.06270627070627857,0.22862285609496863,505.999847,sub-sc09,left,sc,29.72397222600246,30.84565782474864,7.389846652338547
3972.998779,0.015101937940968091,0.06821041814370012,0.020387616887309393,0.12207399850298317,0.05839415940077237,0.22778757466111973,0.02592499387224201,0.011578152312339284,0.02189781115963439,0.12408759086608318,0.0055373774883307105,0.011074755228360466,0.14120311840146177,0.8253209239156426,0.19355650448841985,0.09740749985767867,0.05965265462770986,1.0745028560201326,0.05033979372385808,0.19103951403454486,412.999878,sub-sc09,right,sc,23.836494893834658,27.416748564326927,9.310237766280402
4415.991211,0.008605072379977615,0.06884057858692147,0.016757246892989797,0.19338767904988932,0.0443840600297789,0.20357790290901015,0.01653079716693304,0.013586956842337792,0.02898550786993403,0.10144927686541994,0.0038496376436741968,0.00656702914801159,0.12250906674189033,0.6490036433634561,0.20742753443854173,0.1259057988193084,0.05389492769078793,1.2823822556289957,0.0534420316354203,0.21150362950756335,386.999237,sub-sc03,left,sc,33.96273172402403,30.432048894174365,13.753794667969371
3172.993652,0.020170186586934903,0.08572328873981624,0.02836432557728924,0.1430822638784151,0.04286164421232823,0.2864796875427219,0.024582415080104295,0.014812480942208956,0.039079736551581354,0.10211156861148363,0.0034667507112932606,0.008824456671178994,0.15159155887274367,0.9316104805746394,0.2836432494696967,0.1676646789585194,0.06870469875115905,1.7778128129706072,0.06933501832294242,0.2767097534048265,413.999176,sub-sc03,right,sc,25.525491359869893,33.8046887333455,10.793475154959477
3932.988037,0.018560895256544613,0.07322654233641647,0.022120518084860884,0.12814645487313492,0.043986780374740304,0.268497339952626,0.02466310629156892,0.0177981182097351,0.02796847154508647,0.12712941643763256,0.00686498859035304,0.00889905910486755,0.11899313234549765,0.8413425006306471,0.18077803881202092,0.11339944408785904,0.05873379116001618,1.2158657252483271,0.0600050853905,0.20645818175927497,368.998871,sub-sc22,right,sc,30.667010318124788,26.111820933967916,12.775198053589383
4387.986816,0.0154968090952441,0.06061987379499001,0.022561531324345713,0.11052871290121945,0.03828623536137808,0.2413400200152288,0.020510482089834976,0.015041021034827103,0.02666362637494306,0.12967183240506802,0.006608933257104845,0.00797629857783055,0.10802187560629171,0.7898814757970322,0.17593436657217157,0.10460345831631597,0.044667272993009835,1.0968550166218185,0.05264357157084039,0.17616226151395983,406.998749,sub-sc22,left,sc,38.094404606429855,41.44866259741794,11.4478871671126
5590.987793,0.014487569638662597,0.06599892910909097,0.019495618133251753,0.10677875540122826,0.045609015873592694,0.25755680414879417,0.02790198615624128,0.011625828101678348,0.019674477404104038,0.1296726984286585,0.004829190118033226,0.00876408513381993,0.12055088652560754,0.7208013331822346,0.1699159470870982,0.08907172586273611,0.05186907944300711,1.0425684191795193,0.04185297923436192,0.16723305802431393,446.999054,sub-sc10,left,sc,33.41967568010533,32.188456053610906,10.452552823221835
4680.989746,0.019226662283741734,0.068788721076596,0.019226662283741734,0.10553300878775307,0.03674428771115706,0.29950865609095484,0.03289895350264243,0.01516769974996651,0.021149327678958774,0.1405682626334042,0.0044862208933366884,0.010467848822328952,0.12240974881212653,0.9070711437956651,0.17154455244986985,0.10809656257683244,0.06088442946142698,1.2640462009249613,0.04699850649918514,0.19675284437164414,415.999115,sub-sc10,right,sc,29.626757258206087,23.286528326995438,10.35935089593867
5147.002441,0.02214882435102385,0.07849232395574844,0.02603458275686487,0.16941908168797779,0.03030891820787462,0.23120265118211164,0.019817368880085985,0.013405867160730186,0.017874490454316844,0.0971439686946906,0.0033028948781102787,0.008937245227158422,0.09112103974617099,0.8840100631691152,0.212745282434188,0.10316689181457492,0.05614921623076806,1.2203225084889755,0.046434815164681606,0.1915679075933044,466.000214,sub-eb03,right,eb,29.821765265948144,37.16268529672273,11.48529704149625
4878.002441,0.01578515774260557,0.06703566817669825,0.024395242609924723,0.1553915511868027,0.03731037329343559,0.2310372948007305,0.02091020806850802,0.012915129043495286,0.024190240662489246,0.11213611526767991,0.0063550634455289325,0.0112751126440037,0.12976629525224956,0.9009839593477154,0.21607215263794083,0.11521114447921203,0.05924559417415019,1.2398523787454578,0.04899548737228687,0.2060270572136026,369.000183,sub-eb03,left,eb,34.16670124446365,45.897691694959114,14.215627559191852
4034.973389,0.013382898917552191,0.08153655582881962,0.020570011992215392,0.2188351832523077,0.04882280104673077,0.21065675112436286,0.023543990217874518,0.010161090308989892,0.019826518365174774,0.09690210276625941,0.005700123590083979,0.008674101072243775,0.1271375378579975,0.750185859528106,0.1955390221781708,0.09615861112188365,0.054770754028385486,1.0646840179198018,0.04634448507387665,0.17992564213166362,267.998230,sub-sc04,left,sc,17.827761946627113,24.771870448223595,12.697817595461181
4474.970215,0.014972067696767897,0.07441341215720247,0.018100559804508105,0.1993296127446962,0.05050279535771167,0.21385475344443158,0.016983240635937952,0.010055866260106492,0.01944134235986194,0.094972071674448,0.004692737602947375,0.008491620317968976,0.09675977943911299,0.7226815734236122,0.1385474944440496,0.07910614663163741,0.04558659548530648,0.9814524995670837,0.0420111732520213,0.14815642856742453,293.998047,sub-sc04,right,sc,21.44854125876297,25.63570912084392,8.019994081204562
3724.993164,0.013422818727084247,0.08241610292522941,0.028724831775288596,0.16939597261499834,0.03516778427032839,0.19946309275965157,0.011006711205873236,0.01503355698507263,0.01932885963277435,0.08080537003637842,0.004832215042422022,0.007785234958353335,0.10657718028499447,0.766174460823789,0.14872482649205743,0.09208053381544408,0.05691274954511568,1.1132885364940768,0.05959731420328587,0.1769127485571944,187.9996491-THALAMUS,sub-eb01,right,eb,21.097796471922756,26.376034676035683,9.000398131481072
3557.993408,0.013771781558061842,0.08825182736257615,0.025014051965326183,0.16554243739621904,0.04440697097547855,0.2698145049514381,0.010118044322132707,0.013490725388100552,0.017425520199277445,0.10089938002493343,0.0005621134641517583,0.010118044322132707,0.13659359624086184,0.7582912073231137,0.1711635832800284,0.09246767834371435,0.04918493654499768,1.1219786599447235,0.06295671810305951,0.17144464057421888,165.9996951-THALAMUS,sub-eb01,left,eb,28.250922385645683,37.15130055721535,10.849514586731189
4526.986816,0.022752375075615863,0.06671084482345442,0.02960017522613435,0.1345261770693878,0.05191075709993851,0.2887121763599146,0.03092555681964681,0.015904571611635106,0.020985200280291695,0.1314336257611933,0.006406008494989176,0.00949856400023587,0.15087253702308995,0.9626684331390816,0.20189970749850755,0.11376186742576987,0.06074663306463671,1.432074185435401,0.053015241208955184,0.20918931101212204,426.998749,sub-sc06,right,sc,30.106982772191937,32.61377848788985,14.020869027631454
4779.985840,0.022175732428529535,0.060251045848286444,0.01966527269043123,0.13242678748186415,0.04560669556293079,0.2951882907669869,0.024686193840272964,0.01652719770399989,0.021757322820855886,0.12154811969066417,0.006276150809685243,0.007949791123230607,0.15732218215106678,0.8878661851851846,0.16297072168732615,0.1102510533796895,0.05397489566621812,1.3753138977917976,0.054811718228855666,0.19497908240665415,363.998932,sub-sc06,left,sc,31.894087685847104,37.88205801834354,17.481166853858102
3649.006592,0.016990956151169374,0.07125239471203454,0.016990956151169374,0.18333790420294202,0.049054534566321764,0.20471361839622568,0.014250479052025785,0.012880240913524773,0.019457386061088267,0.12880241297190836,0.004932858175554647,0.00904357286510487,0.09810906940669072,0.7961084897376912,0.14497121412709138,0.08139215743022697,0.0443957241280862,0.9081939907331359,0.05316525090015513,0.15072622181768863,209.000366,sub-eb18,left,eb,29.200455390246717,35.36461607104171,10.432993587113849
3536.006348,0.015271492663055594,0.07070135582233972,0.029977375764598035,0.1476244284163259,0.03506787284760836,0.24858597538920482,0.017533936565206642,0.012160633146012668,0.019513574131174046,0.13093891199088992,0.0033936650048118073,0.009615384604507504,0.0924773735728599,0.8430429919013257,0.16035068441568306,0.08540724175193137,0.046380089247509464,0.9273189967135206,0.05458144924122178,0.1561085933321973,290.000519,sub-eb18,right,eb,26.02072105622175,24.409086885284676,9.974979002344366
4691.004883,0.015561713922863128,0.062460029846018825,0.023235983913598497,0.18013217574388954,0.04306118178048377,0.21168194507718233,0.018972501888141823,0.011298231044710682,0.018972501888141823,0.11596675415355778,0.0038371349953676874,0.009806011962746448,0.1468770016626734,0.7243658334942732,0.160520146915396,0.10424216797814832,0.05627797915042162,0.9918993902270896,0.04711149306215719,0.1903645379343341,406.000427,sub-sc15,left,sc,19.89156807787754,25.88825279139128,5.549271397931076
4539.004883,0.022031284296373382,0.06433134850628448,0.02731879193706521,0.18307997841385007,0.02908129433708741,0.21943159892388245,0.01740471447736929,0.011015642038030389,0.021150033867456407,0.11346111367468208,0.0028640669783566745,0.00837188832784078,0.13350958781068137,0.7439964813979251,0.16082837798524574,0.09363295897560285,0.050231328204543825,1.030623452404865,0.04626569796972831,0.17118308396408924,200.000214,sub-sc15,right,sc,26.237776124096143,26.64232325228923,8.887202798405417
4417.002930,0.01335748310223557,0.06837220141939096,0.024677383675631843,0.09010640955132897,0.03939325482856314,0.2709984287920769,0.010867104858361506,0.012451890766574613,0.033054111422108574,0.12791488616920613,0.005207154571663371,0.010414309143326741,0.14195155333528384,0.7235680500216467,0.18609917698198133,0.11501019448044605,0.05818429081277517,1.2458682942281862,0.054335523839011815,0.209418170116541,359.000244,sub-eb12,left,eb,45.173349690209726,45.56335605620418,11.593609428896187
3745.002686,0.01682243012415292,0.06488651367552051,0.02082776957452895,0.11108144369432371,0.04939920008377799,0.32763684218089234,0.013084111844078929,0.015754339034404635,0.029105473383898132,0.14579438568659014,0.004539385529295186,0.008277703809369177,0.14953271705076687,0.9081441927168755,0.21361815092700845,0.1367156205024949,0.07396528286495334,1.4659545977158748,0.06969292277832027,0.2510013342617934,356.000244,sub-eb12,right,eb,36.159989222048104,44.53216598959955,12.135460202234743
4559.993652,0.015131578301591897,0.07127192860399184,0.023464911393696827,0.15416666702850926,0.020833332291665216,0.21096489807130986,0.01885964862303716,0.012280701306555241,0.02280701574099472,0.13881578184267174,0.005701753990073318,0.006578947316481922,0.14561402354338188,0.7997806907911897,0.18815788890927165,0.11030701057651383,0.05219298143005397,1.0712719220250353,0.05504385601280657,0.19407893640637902,391.999451,sub-eb20,left,eb,25.018659326819296,29.60703844530625,13.377020922675335
4535.993652,0.01565255739912574,0.07098765269612418,0.028218694032687324,0.1809964702305099,0.0196208100866187,0.23148148246129863,0.016313932222407793,0.012566137515397034,0.01940035298797195,0.13051145822018007,0.005511463621422193,0.010361551317268024,0.13095237594481537,0.8461199294905891,0.1862874694781429,0.10802468777352689,0.051587299708152234,1.0890652727924057,0.05268959401974048,0.18694884606509585,341.999512,sub-eb20,right,eb,29.628725076720066,35.19311551150807,10.464614723733652
4770.980469,0.016348775164101388,0.07294068761361765,0.022217565904690772,0.1184238092507689,0.04883672350242019,0.2517292042597125,0.02054076801126389,0.014043177379437726,0.02179836632653379,0.10417103763666655,0.0025151960017382327,0.009012785795162306,0.12010061343221146,0.7136868629256172,0.19429889139627915,0.08698386520265589,0.050723121708926865,1.0874031108929278,0.049465521926453315,0.16390694346395154,349.998596,sub-sc12,right,sc,25.765676433665703,30.614035655390513,12.220549192394033
4245.982910,0.021196419276214188,0.06570890107515766,0.02025435589895015,0.11846443230267265,0.05887894471059,0.28332547315881684,0.022609514224351885,0.019312292521686102,0.025906735691500937,0.12835609905928708,0.004945831023139941,0.00871408382564592,0.13707017487736425,0.7941591851579073,0.21337729265613084,0.0979745634444864,0.04922279491699603,1.1754592719262735,0.047574184889971685,0.1764013101032477,401.998383,sub-sc12,left,sc,29.89662373394854,35.26261168289776,9.330311796154223
4989.999023,0.012024047444387646,0.06693386240368408,0.023847693847534445,0.12244488930434004,0.04388777492552226,0.2627254289945379,0.02104208367898111,0.013827655011947684,0.022244488724021138,0.13647293593868906,0.005410821500275071,0.007615230348713436,0.14669337882152927,0.6989979861565195,0.17094188056316978,0.0861723431243245,0.04989979714470978,0.9971943882282399,0.04569137948706969,0.16032063599864957,306.999939,sub-sc18,left,sc,35.26252848456736,33.05500625844776,9.930953613467045
4705.999023,0.00892477639598524,0.06906076826867204,0.021461963019196315,0.10135996111956694,0.040586483989161676,0.29218017838079774,0.023161920873182466,0.01614959642544745,0.029536761125672675,0.13897151567683186,0.005949850788993671,0.00786230337472809,0.1408839682625663,0.7409689740600696,0.17169570436606527,0.08818529412601622,0.05524861729237124,1.0390990306416814,0.047598806949433574,0.17382065168354796,323.999908,sub-sc18,right,sc,33.06792542556481,30.03161523185778,9.310238321213982
3862.003662,0.01579492469160688,0.06395649787449631,0.01967892385701213,0.14396686219403174,0.05126877142769524,0.25427239379971356,0.010616260777641905,0.01009839487821801,0.018384257295921743,0.11729673678388138,0.004142931079385393,0.008544795367415682,0.0942516806966197,0.8029518357302894,0.15924392202194657,0.08156395813381288,0.04634904149917401,1.0603314404625233,0.04971517372942356,0.15380631428308572,337.000336,sub-eb15,left,eb,26.995599407624724,34.87141904890203,7.974851490353328
3746.003662,0.016817938978298842,0.08569140181475883,0.03069941125967858,0.16470902478258176,0.05072076808877396,0.2271756436419629,0.010945007453118716,0.012012813136433074,0.01575013329498448,0.11078483483874395,0.0037373196246491013,0.008542445199563715,0.10117458502367048,0.8657234393274866,0.14495460682761074,0.08302189027598447,0.05125467039652883,1.1497596624613229,0.05018686578101909,0.16070474119039982,338.000336,sub-eb15,right,eb,19.33213709574691,22.471506430434214,12.28341617785493
4172.006348,0.017737296597229436,0.07142857252431006,0.021093001702211216,0.10953979066189092,0.040028764356999966,0.3341323288417969,0.020134228712348066,0.013662512289159153,0.026605945854615464,0.16730585736874817,0.005992329808410924,0.007190795865970241,0.17138063544480492,0.9326462568460119,0.1855225415395269,0.11553211855275922,0.05560882382434956,1.5110259285732037,0.052253117041517985,0.2063758468183424,316.000488,sub-eb06,right,eb,28.955333174125435,36.28338554744427,8.13962854032445
5441.008301,0.014703179553189952,0.07167800312459034,0.026098143238249032,0.1672486704041145,0.04006616493489522,0.2383752939251397,0.015070759951777549,0.013049071619124516,0.01672486641552727,0.11652269982449344,0.005513692378393598,0.007535379975888774,0.14960485942474946,0.7355265573229274,0.1501562278171573,0.09832752026893113,0.04227164126136848,1.1496048930582214,0.044844699272955584,0.16338909165725973,344.000519,sub-eb06,left,eb,29.387550464109154,39.854064220570756,14.132046641054895
4486.968750,0.017606418810026257,0.06596835669960928,0.024515267016290226,0.17963005559153938,0.024960998892626565,0.2944060720280256,0.0209494108912615,0.011366169866906249,0.019612213702179228,0.10519278410396773,0.0028972588676932504,0.007577445909334671,0.13394250851423917,0.719634560191666,0.19679073895934754,0.09761533975470633,0.05393358756955907,1.1210163502921655,0.051704928410745005,0.18163585048369235,323.997772,sub-sc01,left,sc,29.129499764928617,40.26439979144834,10.705058637884301
4867.966309,0.008422350402096835,0.0721035308627893,0.026088743211965394,0.2000821748086589,0.026499590755487287,0.23952342086761963,0.01766639280986856,0.010887428267942846,0.011914544045378684,0.0825801161065513,0.0014379620884101727,0.005341002658940136,0.110106817298435,0.6805669638417375,0.1787181551342162,0.0901807759409454,0.05484799032120828,1.0595727307035476,0.04889071470358855,0.1707066586438037,450.996887,sub-sc01,right,sc,34.29063262367442,29.702465815399943,7.395255410427021
4152.020996,0.012283236536889612,0.07273603054776075,0.021435451093754537,0.14691714049318838,0.05635837950372445,0.24590557898999602,0.0021676299345958316,0.010838149672979159,0.01758188748812387,0.10308284481517106,0.0052986511920808214,0.007947976186004816,0.1315028867932054,0.7478323515202185,0.19508668881500038,0.10597301830214541,0.05419074932828205,1.1201830247199454,0.05226396571911747,0.19195566876174822,295.001465,sub-eb08,left,eb,32.77702839814566,32.59233704049563,13.481241840568808
3584.018066,0.02483258771609105,0.07672990703055234,0.022600445228894112,0.11160714221689974,0.05273437313080776,0.2809709793466203,0.009765624602183576,0.013671874164040556,0.0242745525825706,0.12639508218371798,0.004464285532426777,0.007533481835970187,0.13727678347032082,0.8482142335830513,0.23828124085131216,0.11997767842724931,0.05580357110844987,1.3448659680947044,0.060825892890462904,0.2073102616442001,498.002502,sub-eb08,right,eb,26.95798787685072,35.452384701925745,11.074522096394913
5001.988281,0.016393442845813018,0.05997600976786455,0.021191524258990964,0.12554978135103712,0.025989604072804904,0.2449020515807962,0.018992403353053758,0.014994002541926389,0.03198720688885996,0.1371451459824002,0.0047980810133369444,0.008796481424623314,0.10555778009428728,0.8588565171810325,0.20151940076086716,0.1037584955909256,0.05417832745218302,1.1327469193644837,0.057177128960170784,0.18732506962464832,351.999176,sub-sc05,right,sc,28.923424379323702,28.684256826188726,13.029164406215264
4801.988770,0.014369013195339064,0.06997084397596373,0.023323615769305518,0.13515201827512813,0.04498125804654891,0.25531029969484914,0.01915868412162072,0.013327780231356102,0.023115368718365413,0.13681799468264896,0.0058309038902646165,0.008329862878875495,0.1299458547046956,0.8812994858378229,0.2078300739133132,0.10683048286262443,0.060599752089799244,1.1080800159805455,0.061849227939781294,0.19970845162971926,378.999115,sub-sc05,left,sc,33.22631272424473,38.969980941099806,12.338484365910302
5093.996582,0.0143305855873462,0.06517471707247408,0.01845308246420021,0.1462504931064361,0.04024342374401695,0.2202591324785463,0.01609736985096391,0.011582253943491163,0.019238320525437683,0.11719670879041043,0.006085590852090603,0.00883392210332661,0.11621516121386358,0.7852375339501161,0.17196702763708294,0.08892815056074178,0.04397330139394271,1.1692187063976323,0.05005889342389041,0.15685119495826158,400.999725,sub-eb02,left,eb,33.98462727185783,36.026387542423926,12.351341436012357
4932.996582,0.013581998869505806,0.07987026738223675,0.022096088896094032,0.13318468036189693,0.036286235967231815,0.2308939909174257,0.02108250619501443,0.013581998869505806,0.018447192793939787,0.11372390486687753,0.005473343139648663,0.008311372675506143,0.10885870790169545,0.8244476245615207,0.18609366026112523,0.08351915882191058,0.04743563939489468,1.2387999854486824,0.05108453407803314,0.15345632201777998,405.999725,sub-eb02,right,eb,29.698381781235312,35.10849732189949,12.208276976803363
3962.008545,0.012115093255055057,0.058556285622549054,0.01943462946266816,0.11585057724806093,0.04745078029608338,0.27031802350643336,0.024230186510110115,0.015901059597538045,0.028773346323007487,0.14967188365819134,0.007824331181496733,0.008833922391250169,0.16279657064697217,0.8626955962307244,0.21403331703314132,0.1125694053746671,0.05628470268733355,1.2685512120721587,0.054770319280066065,0.19964664387163758,454.000977,sub-sc16,right,sc,31.136790730776205,29.28157107458774,13.357091072449448
4439.009766,0.009912141968466216,0.05857174521025822,0.021626491280848426,0.09979724518587599,0.04933543392434158,0.2723586175142467,0.02027483509708503,0.015544039918203686,0.02906059725032828,0.13043477070827422,0.0065330027480728,0.0067582786660622994,0.1534129233542218,0.7733723296341133,0.19103400886728303,0.09326424288835411,0.05339039932177522,1.1317863683204161,0.046632121556814794,0.1754899603886116,500.001068,sub-sc16,left,sc,31.26911283885297,33.46615537653488,13.298783858473879
4534.991211,0.01808158741324626,0.05292171822028257,0.0152149937650673,0.12745313344775963,0.0551267908510176,0.25336271395918264,0.014553472527115778,0.0152149937650673,0.020948181061425215,0.11929437937779502,0.004630650209213823,0.009261300418427647,0.10694597440973962,0.7303196971951089,0.17596470993469365,0.08555677816064461,0.04454244641313375,0.975082641896657,0.04233737400290631,0.15700109721778246,323.999359,sub-eb23,left,eb,23.13682720622698,22.455551830087646,14.382462009450325
4042.991943,0.014840465389470602,0.05021024178677173,0.01904526352898547,0.11105614884476657,0.05070492493929761,0.2879050211849507,0.022013357002626112,0.01434578322631102,0.02077665085270243,0.11872372262108166,0.005441503794755398,0.007914914857894882,0.09423695183455873,0.8493692820599321,0.17882761237053496,0.09769973390223993,0.04724214682908162,1.0828592469940521,0.04674746738667938,0.17536483030285377,361.999298,sub-eb23,right,eb,21.305781636851556,19.846797921525948,12.196878351129293
5229.010742,0.01721170359760565,0.06330082062011567,0.026391277778713727,0.15012430184829784,0.04723656465573197,0.2883916531070687,0.019315356380654382,0.014151845664730132,0.025052589383263497,0.11837827698996911,0.006884681209553346,0.008032128077812237,0.15280168418518042,0.7685981642223216,0.22528208472362707,0.12201185147230663,0.06425702443125714,1.4138458499651712,0.057754826849808746,0.22298717224551456,524.001038,sub-eb16,left,eb,43.43661826491067,52.52340722050606,16.399086609608414
4929.009766,0.018056402244101377,0.06532765327858349,0.024548590841643708,0.13958207361360703,0.04179346801480856,0.2673970530737228,0.017650639607192858,0.014607425916794177,0.028809090819723892,0.12477175948042137,0.005680665758291379,0.007303712856956835,0.15358085334335286,0.835057850644153,0.22012579574994495,0.13045242605023477,0.06796510595511772,1.433353654264194,0.06289308719539671,0.23554473902821638,486.000977,sub-eb16,right,eb,38.369061698463696,41.01970175489132,11.698122538143043
5199.014160,0.013271783625994203,0.06847470809735205,0.02000384665234303,0.14598961488498813,0.05674168504284282,0.25620312255506533,0.019426812832531313,0.011348336085316607,0.025966531701079272,0.10386612699666124,0.005000961759257836,0.010386613180526518,0.134448930217955,0.8253510352047205,0.17964993636408946,0.10078862047184732,0.05924216486457887,1.174071932514221,0.05385651094283614,0.18888247959686266,492.001343,sub-sc11,left,sc,34.169680419366905,45.72324985959201,14.168031903819516
5142.014160,0.01925320932994086,0.06417736430348532,0.02236483786734652,0.14838583700049554,0.052897701860859916,0.2514585724127994,0.01828082460978676,0.012446518622578045,0.024698561117925823,0.09918319711511646,0.004084013840988723,0.008362504781589323,0.12427071379360029,0.8113573981289853,0.17755736829787339,0.096266040426462,0.059704396846701806,1.2166471921967636,0.05192532025232697,0.18397509877724647,474.001312,sub-sc11,right,sc,32.52265351069693,37.29861144658261,11.535540168566692
4824.000977,0.0199004982498369,0.06281094519770036,0.022802653549296743,0.1274875616593392,0.04353233902755074,0.2620232147602237,0.023009950356401018,0.014303482799647039,0.026326700928443865,0.12541459358829646,0.006011609064398414,0.005804312257294139,0.1397180859235966,0.7844113206115547,0.19962687582183714,0.09286899487292538,0.05327529207090375,1.0636402209418543,0.04228855818492509,0.17516583993842755,451.000122,sub-sc02,left,sc,32.99587710263635,40.76501635337959,10.974762325244827
4542.000977,0.020255394806358275,0.059885513538496984,0.02311756944388698,0.12813738370977018,0.05019815322686136,0.2556142655801107,0.021136063925597876,0.01739321840749133,0.026420080402373727,0.1367239076223563,0.0063848528758253505,0.006605020155635251,0.12307353627414248,0.8069132956067174,0.18934390092712655,0.085645092101441,0.052179658745150466,1.1545575378681827,0.03940995321366705,0.1651255001480375,445.000092,sub-sc02,right,sc,27.91161271819682,31.335397168083528,12.96578541352928
4574.980469,0.015081966462488957,0.061202186959543936,0.0198907102700464,0.1346448097809355,0.043060109728306685,0.24939890448306085,0.02885245869232147,0.011803278148595742,0.018797814456855553,0.1057923478099115,0.004590163858030669,0.007431694021511679,0.12218579375098092,0.7064480615600197,0.1750819675466466,0.09092896304559064,0.052459013459451774,0.9407649877772626,0.04633879541923789,0.17005463701357715,408.998230,sub-sc08,left,sc,21.879810276906678,31.98835616874106,9.14295172224037
4550.980469,0.023511316457816248,0.07778510068573972,0.02548890393842734,0.12964184355852482,0.04152933467577138,0.2388486104047923,0.02746649141903843,0.013183915292254355,0.021533728977205152,0.0949241907194834,0.0030762469967435934,0.003955174961222186,0.11052515747458815,0.7431334014806558,0.1683146542196246,0.09294660829272831,0.046802900045581367,0.9569325719292601,0.04416611571267985,0.16875411995972686,412.998230,sub-sc08,right,sc,29.684135784764845,27.658173986395028,7.312781465655946
4705.995605,0.013599659747238544,0.06247343807283475,0.018487037239806346,0.1447088748396738,0.04568635843424252,0.2254568665284591,0.014237144405492915,0.012324692130688888,0.021249469058949536,0.11963450420604463,0.006162345959097002,0.0074373137881415426,0.12069697863646858,0.7841054033453565,0.1638334016251169,0.09073523199773578,0.051848703543359985,0.9804504704801993,0.0537611543306998,0.1714832045619813,204.999802,sub-eb05,left,eb,33.23816444093911,36.77486909468603,13.607128514710766
4840.995605,0.01838463061360288,0.07312538429788555,0.021483163689011445,0.162982851540928,0.043999172769337805,0.2243338171756097,0.013426977486380097,0.013220408408117114,0.02644081681623423,0.09316256609160875,0.004751084048959801,0.010121875332708549,0.12228878092526176,0.7393100250501055,0.17393100008815232,0.09605452678364909,0.050402807791848844,0.9438132107124687,0.051022515026637794,0.17393100008815232,341.999664,sub-eb05,right,eb,34.510610782660756,24.758883559049973,9.368390117802875
