surf_area_mm2,avg_thickness_mm,curvature_index,SA,AP,ALFF,INT,REHO,network,auditory,A1,V1,visual
0.8917574292664661,-0.5148297285100141,1.3117847463586478,55.5,2.1011191356837315,0.46777658242928355,19.132215,0.651850091783624,1,0,115.82113438398224,40.00493580646823,1
0.8525659157790845,0.4193713391853711,1.0072895317696025,26.0,0.1072752718370591,0.5298854881211331,19.964968,0.697689065807744,1,0,126.39736963163745,25.355915756484368,1
1.2194285605692794,-0.30428971040002745,0.17413354142888962,32.0,1.9322516557881375,0.5185390695145256,16.968388,0.6827073975613243,1,0,113.3650485574985,19.534733808974067,1
0.7983201946477201,-1.0914018405877965,1.5288591582508047,12.0,0.8102562056282228,0.47476883624729355,17.875376,0.6929570279623333,1,0,133.29699145152793,8.684029712534267,1
0.5115877650886707,0.1523261792694715,0.22386339208744752,29.0,3.068594938968147,0.4842681916136491,15.017486,0.6952206680649206,1,0,124.6715855771606,3.857028230706181,1
0.3826218690390124,1.428896361768338,-0.6664880026606252,49.0,1.4685511543610588,0.5541901431585613,15.266569,0.6833037828144274,1,0,104.99182615868212,19.02241622762055,1
-0.1662318636239665,1.5585562751666178,-0.4126376073845099,3.0,0.05261208351544511,0.7441147001166093,19.713531,0.6663417878903841,1,0,140.75108776585557,1.8268755434497133,1
0.5350208392653542,1.484338579475224,0.3157048433655603,48.0,3.8768956893719473,0.4563742264320976,15.809997,0.7175238916748449,1,0,87.62827519472474,37.42324576394387,1
-0.2548916684433347,1.2518106841783219,-1.045330352366621,37.0,0.7445868923259162,0.5535661264469749,13.68074,0.6963653188002737,1,0,117.20292382750696,12.387488019743357,1
0.3889948161845518,1.7498246999112896,-0.25381509991189966,73.0,2.901243475893816,0.5211499254954489,17.180155,0.64835419466621,1,0,98.78065804859077,29.241951111268733,1
0.20803553467465358,0.5476063023621606,0.0,4.0,0.7292753712600106,0.5443523761473203,14.192576,0.6539995356609947,1,0,128.22560852711717,14.81235170128817,1
0.2754849358562827,1.6197617445296637,-0.12340088407952453,44.0,3.098407297910116,0.4657165455190759,14.105917,0.6911087914517051,1,0,111.83820673439142,35.096979661406074,1
-0.11148675209675071,0.0480047797806069,0.13916063577377724,39.0,2.4858163645798417,0.7321834830861342,20.358961,0.6724340256891752,1,0,114.69171129540942,27.413437821904445,1
-0.6404578426483244,-1.3569524994315545,-1.1721377067588359,16.0,1.8626153927698148,0.42669257521629333,14.707524,0.7658057306942186,1,0,119.4805146779184,11.2882092191953,1
-0.5289395204871776,-1.4655216499720338,-0.2374156456403551,13.0,0.03582732741008421,0.5222145726806239,13.621028,0.705657494695563,1,0,136.1589774840148,8.972865969981697,1
1.9318232260384502,-1.0610768940794408,0.6721889646686675,34.5,3.9594337120284813,0.6547919574536776,18.95471,0.7109603568127281,1,0,104.69597792033346,12.05708082250514,0
0.9135463614328376,-0.6722739950632003,0.31643619272191803,25.0,3.0128863662387477,0.39319710747191783,14.609288,0.7725923406450372,1,0,119.869498999818,2.5043029833431847,0
0.7092178286433423,0.6554628951443914,1.673699046705504,2.0,0.0,0.489540358907298,12.789298,0.708057635708859,1,0,148.36750897627792,1.3068380054583737,1
0.855495613439912,-0.16205952759743364,0.33176850012034786,1.0,1.4906488082493983,0.4459592370610488,12.669382,0.7847235767464888,1,0,141.9513408760559,1.477483031001507,1
0.9850903530645511,-0.36767432602473976,1.2452798386365653,5.0,2.967226523785012,0.8199660134942908,18.396065,0.7203001536821064,1,0,130.72422344790567,2.1390344370203938,0
1.3238123006984701,0.774526393686674,0.8986560249411878,8.5,1.7691455085384877,0.5475249149297413,13.531187,0.7320692350989894,1,0,140.7259376497618,12.993151923731414,1
1.3364062837945219,0.7338816145962676,-0.6250307117761406,17.0,3.4462554513636547,0.5522880601255518,15.768549,0.735352917721397,1,0,138.74098144490867,13.879540756974484,0
-0.06808141811349203,1.188149325424368,0.8577886863175701,19.0,2.6806407856848313,0.402309598107087,13.340996,0.7799725752127799,1,0,125.49442596701826,30.584343326363225,1
2.5625048455597974,0.7694888273611028,1.0978316434335418,30.0,2.968240484719681,0.43881674110889435,12.371393,0.7382968915136237,1,0,125.5580607208302,28.104181990097683,0
0.3690336737135406,1.7138825791292036,1.3828469360207434,45.0,13.504564800249424,0.45607095172530726,11.928426,0.6956658928017867,2,0,147.59665772924802,88.70992774953116,0
-0.04719300595835325,-0.7341849689886765,-0.11083777463037073,20.0,16.68474456203731,0.513286049428739,13.840334,0.7261213126935457,2,0,85.26890849492662,147.69148232997605,0
-0.8783996039489063,-0.20069845268676026,0.18069990372413036,10.0,16.956454622694416,0.40543614406334727,12.296376,0.7716950303629825,2,0,72.37070207080427,132.54452303583312,0
-1.9543216858060435,-0.5256677897657897,-0.40734858326648715,34.5,15.638895396508243,0.4388077996279064,12.692413,0.7774540907458255,2,0,71.4816879859945,114.81605446714208,0
-1.4004297277947186,0.37405788597170625,-1.2469477910867894,7.0,15.414128983124844,0.48815154637161057,12.673873,0.7254942718305086,2,0,81.50678594597142,133.48708909901052,0
0.010045093759474804,-1.097557379613364,0.37852139542280133,28.0,12.212379494007074,0.47252322968683746,12.229172,0.7308486386349327,2,0,141.71515562472135,86.55942187785362,0
1.7129320876736165,-0.3663763348544132,0.9161873598259621,22.0,12.633218350816124,0.5429137804006275,12.088338,0.7629733713049638,2,0,148.00098185650597,99.69532107019886,0
1.3063435458260637,0.7343421989024231,2.782748456606378,59.0,14.8782910509688,0.44973188638687134,19.726685,0.646316879674008,2,0,147.866222757205,104.60138034455672,0
0.08496031341379824,1.2975717703099852,0.8701649314864413,18.0,15.335258505334616,0.4237082882931358,18.199404,0.7275609028966803,2,0,96.6397595517118,140.46093705859496,0
-1.7321542190168757,-0.02706402485557224,-1.5589773242953018,6.0,14.249033713021083,0.45536864744989497,18.477541,0.6910053021029422,2,0,89.74099096926204,121.43293580305276,0
-1.5099338750777316,-0.05794895581673128,-2.121268283935859,27.0,13.385793073293089,0.42972079076265035,18.068275,0.7278540636363783,2,0,88.26346398521795,101.55015189492542,0
-0.7035950585754233,1.9963377578076595,-0.2755027789073399,46.0,15.878286009972143,0.43798697935907466,15.612616,0.7573494848452116,2,0,118.38345004167952,143.17199174375494,0
0.5112280506314681,0.8334585183272962,-0.18031896828994412,11.0,13.105067349350612,0.40813843043226944,15.280636,0.7554948925971985,2,0,102.30236373062212,125.87259922037384,0
-1.1511350340791164,0.3779042609469841,-0.5168594728607594,23.5,11.787536509825994,0.4140516284265016,14.622026,0.7416492073159469,2,0,123.62828539634536,91.18708384167832,0
0.9577898171707089,-0.9273859199090081,1.1099608309495848,14.0,12.292491594621747,0.4562899909521404,15.447467,0.7633768476937947,2,0,133.61062830046157,109.90752357835213,0
0.2788865779018803,0.46612635913260064,1.0290486183563219,33.0,13.479781592622274,0.47304524402869375,17.949331,0.7587155856584248,2,0,124.84037363894204,130.16218620560565,0
-0.211417298402682,-1.4460514753972187,-1.4089349709227679,8.5,12.71974690781477,0.44129724565305206,13.8110895,0.7592624833709315,2,0,105.61277576258452,113.63919709933792,0
-0.9184504593122633,1.2298171087475709,0.23205700768561155,21.0,12.427541015156832,0.48355998961549057,15.513817,0.8136795382750662,2,0,100.93887744133085,93.32634580698874,0
0.6091119544400262,0.4786124673485085,0.15881024275808872,15.0,12.41768068034211,0.4615141749382019,17.863306,0.8002558883867765,2,0,114.9219517631864,116.3282516287744,0
-2.0865010146339853,2.2743329090153996,-2.791479951558022,97.0,15.468028126593424,0.40135629553543894,18.010733,0.7757366707450465,2,1,10.066008624872378,109.3507132499634,0
-1.6685647247926167,2.415906811628809,-4.085651636314219,53.0,14.78750490371623,0.4990466456664236,16.388597,0.8401392321837576,2,1,9.12070614508201,113.98191374784066,0
-1.9622259258500239,1.654357370632185,-1.1643314611622808,90.0,14.220760130930424,0.5118262265857897,13.757055,0.8405754848530418,2,1,7.08089131295537,119.69330701012292,0
-0.6202047225683692,-0.2658855132496078,0.15603818397707017,87.0,18.162721048740497,0.48070266529133443,16.29169,0.8065490691285384,2,0,24.810872647864382,115.43281954564816,0
-0.5012924456860227,0.41500993659852325,-0.21903471384906906,41.0,13.380244819133287,0.4230137632081383,13.893626,0.7825470754974767,2,1,7.0376061848997375,126.78512064665594,0
0.9897168779769434,1.1632553806228247,1.2647013805926113,89.0,14.12405197813301,0.4042581664888482,16.49837,0.7384796362174185,2,1,22.059356116718472,101.2098841975008,0
-0.9765692730757337,-0.2669195466029453,-2.478080337542627,66.0,14.101795316248383,0.4116296595648715,13.063384,0.7832119308019939,2,1,7.106776398625256,118.53961085341712,0
-0.7994694369384855,1.3736306513462693,-1.2755760034816495,36.0,17.637703859830538,0.4004637222541006,12.094845,0.7485792134937487,2,1,24.763467186666997,129.01008687494527,0
0.2599015445277592,0.03916393418857546,2.03081599813567e-15,79.5,17.97691801469695,0.4464322014858848,11.375378,0.7937291013567072,2,1,45.354511430327165,144.49596643548531,0
-0.37061616118414215,0.9363966219247023,-1.3544363812906988,55.5,15.440561362970325,0.3686626733917939,11.356294,0.7927969882362768,2,1,18.314934109296576,130.97393045342002,0
-0.7905053077134271,0.16389644036728995,-2.6491193365018657,78.0,17.54505193284526,0.38669442973638835,13.256775,0.7435741706898338,2,1,31.57506603270443,134.90979463068933,0
-0.9302033532673817,0.7596737655428452,-0.38404754489774057,40.0,18.28160759777544,0.37252026639486613,14.544631,0.7391322098280254,2,0,57.66476160619671,155.30818794787345,0
-1.8033260032295473,0.5568835295040693,-2.3321565964402047,43.0,18.05776051120981,0.37084272817561503,15.668213,0.7651691091688055,2,0,47.27912893889016,136.15847474180916,0
0.17736553198176933,1.498599013208095,-0.9415305567934993,23.5,18.149522227935144,0.40878274958384664,12.5407505,0.7823180117105183,2,0,64.0241526335127,151.1077258427395,0
-0.2603094559537189,0.6088638509368558,-1.4911649278368702,57.0,18.39900093735618,0.37575231257237884,11.327608,0.7639059047949942,2,0,78.95041156933289,160.9159262692434,0
0.5519227994047946,-0.24780023972096873,-2.8437356850840594,31.0,17.634793620115303,0.3181443230101937,10.803598,0.735291230051141,2,0,69.0156486423,144.65753321109304,0
0.026651019385789485,-0.48102088692241135,-0.05688453906415412,122.0,8.534045678530088,0.3429690630812394,11.491278,0.7536595902944866,3,0,97.78462504708509,62.284762723180485,0
-0.169446118565764,1.2221530423260072,-0.14839454392971227,92.0,3.680382190024611,0.3102543150123797,14.995164,0.73989800089284,3,0,110.02836759732126,50.968231460052095,0
1.2933745026519192,-0.46543974729800086,1.0468599408877863,125.5,6.412342808308388,0.3529222403701983,12.479774,0.7975715210563258,3,0,97.07107881561444,53.97582735479917,0
1.4539438957304638,-0.7396954752134585,0.7788489099891129,71.0,4.028030075769172,0.42210121217526886,12.257878,0.7248562699870059,3,0,96.71404916934048,37.02269857255953,0
0.4166019928339324,0.8987547465555364,0.24024257750122535,61.0,7.711305052880435,0.4081435462361888,14.518567,0.7371644377708435,3,0,76.68373982615475,48.29309595969288,1
0.3576596234425747,1.4417711806175275,-0.11083777463036885,69.0,3.6615471961124157,0.3234188337075083,16.470703,0.7384565064781591,3,0,100.14256194138858,40.78561725791463,1
0.4638691609677712,1.4237942529960657,0.18498659768295087,47.0,5.372916666961084,0.274911672661179,12.6869545,0.7079328078972665,3,0,102.26323259250688,52.367494763025945,1
0.3461498059419894,1.1585984056471852,1.0105129508421982,38.0,5.5023348751614805,0.33351900859882955,12.495659,0.7526220459687082,3,0,108.7312811116568,46.16762768366014,1
-0.5137775448572505,0.7378645554794241,-1.473240787404048,76.0,7.294803170963479,0.36325089084474665,14.289885,0.762759550621635,3,0,92.08750282430178,62.0165690040948,1
-0.8783578551715042,-0.20019677941919214,-0.8341260861136509,91.0,9.911861375731117,0.3682999759912491,19.047709,0.6581393731267828,3,0,87.65194022363437,73.09272466022756,1
0.11981697417724695,0.018323670513040454,-0.28278936102408764,84.0,12.436103988847698,0.5180054087387888,17.802078,0.7245741925741497,3,0,88.43664909151795,82.6515697191686,1
-0.1054565698565092,2.6856118977593244,-0.07952819177618761,50.0,5.886836344019444,0.5203355221371901,16.732634,0.8024987703875491,3,0,104.87736380285996,57.4083990058074,1
-0.06577297841444454,0.8239435332110707,-0.9518154543639358,64.0,9.038472436802417,0.40659647238881963,14.6576,0.7644930481910706,3,0,99.33329668739748,72.29394874433177,1
-1.977199575177085,-0.01098693858101442,-1.5095636655257467,110.0,16.558126868200286,0.47503521254188136,12.114474,0.8102190525908219,3,0,41.53708502749023,122.32213052357656,0
-1.9392294565529569,1.102189693074059,-1.4285190560077017,67.0,17.202278321389088,0.5133247187263087,12.100226,0.85113609464545,3,0,51.93691204460607,119.66523170397554,0
-1.6233861748407308,0.6277630348196962,-1.5508307607562133,114.5,14.804970791767456,0.6321417846177754,11.600868,0.8277217306588825,3,0,55.31135033910721,107.88240089493718,0
-2.4906568816239543,0.5207714070978935,-2.3861187272185638,54.0,15.386517309683047,0.45253737192404897,11.371459,0.8289359086438229,3,0,61.51009890528928,106.2484828542028,0
-1.1078238466413086,0.37890226630648566,-1.593752936605256,63.0,14.670397956448966,0.5917122081706399,11.93028,0.8639538068520395,3,0,73.90873374723412,97.85016200004976,0
-0.063030607451515,0.4370851210790008,-1.8427881297912556,42.0,13.217256667042916,0.5600101132141916,11.523794,0.8329905114675823,3,0,90.33837845321004,91.81202469932632,0
-0.30801394439249213,-0.4184150410879831,0.09195606313248834,70.0,6.631685632902768,0.4640992283821106,11.206762,0.8261636087768957,3,0,114.54202494485526,70.54903894879133,1
0.813943518892128,0.12570201877112178,-1.4299180053024276,58.0,9.695224912527113,0.4961692314398916,11.375564,0.8006188367542467,3,0,103.83389579934912,78.55698809893981,1
-0.5808148657699644,1.4229031320625345,-0.7627510280232715,51.5,10.770111690886761,0.6198280720334304,11.93042,0.8047126061037967,3,0,110.10836666396897,83.25739301754538,0
0.40636073686548757,-0.2688783030980639,-0.12589393272374463,86.0,20.742936277560844,0.512185728863666,11.774706,0.7949252944243582,3,0,99.73165972647068,162.62444506496672,1
0.477472506458798,0.8459226514239748,2.3954408494339523,114.5,21.268894394370246,0.5271433999663905,11.810563,0.8214028885490016,3,0,116.1597748707046,153.81706286724324,0
-0.7313561789219769,0.3310718941664636,0.1275407789599491,98.0,18.414164500986253,0.44516828499342265,11.531767,0.8107234553286904,3,0,111.69763702957891,154.4732118957874,1
-0.42173934473800334,1.382031887239396,0.4508201761003879,120.0,19.51783372163665,0.4804504388257077,11.618098,0.8243418837848463,3,0,82.54873262112406,175.16900122128013,0
-1.0209257135587204,-0.149117192760192,-1.1986828576750543,96.0,15.504355333487503,0.3855690250271245,16.387333,0.7629177664455614,4,1,23.05221724388873,115.03203977148014,0
-0.4716834984247308,2.244615124782127,-0.0821586549047981,127.5,14.048483733941508,0.42799494768443863,18.730946,0.8024044193719563,4,0,30.873536100460917,97.80072323093934,0
-1.6046206524206188,-0.5814554750955466,-2.201767446017916,155.0,14.829197245091079,0.3710305706450814,15.800219,0.766942886929763,4,0,36.56806427302926,106.94428266739504,0
-0.3542300553599922,0.4756515896552768,-0.7318311785151204,107.0,19.425324590115633,0.40166442958932175,19.669495,0.7899882762055648,4,0,35.78464488879149,93.08557645778018,0
-1.1395440785448607,-0.011747243614321083,-1.4146477116616123,151.0,17.217168449171563,0.4899404519482663,19.358086,0.7856245135006151,4,1,19.247303568125737,103.92778377117035,0
-0.43345793573387653,0.22664250948695927,-0.7697070587655117,116.0,20.778249939930035,0.44418801916273015,19.513004,0.771145622981222,4,0,53.308576959122746,113.11455847370046,0
-0.9555913658559255,0.877960716960258,2.301955320808442,112.0,19.19335122456994,0.4942503571510315,13.780573,0.8146642603372273,4,0,38.333641505465614,112.37702011698272,0
0.5112461328754809,0.10862538320664855,1.356271183227544,83.0,18.28672996422323,0.49554389401486043,13.1183,0.823472051244033,4,1,42.36403907969258,131.65837376747857,0
0.822247381858057,0.6201241905517542,-0.5898663541310668,132.5,19.77125129019723,0.5277247115185386,15.471807,0.849257651128267,4,0,64.96521141466499,150.1216990363294,0
-0.6984223146128168,3.604865437414572,1.320503895189484,75.0,12.665579089416685,0.6446843319817593,13.767271,0.8660037486176742,4,0,149.65659345162797,80.36972365337174,0
-0.2601269104496801,0.47203575250849883,-0.9634695435254224,82.0,11.314913190759047,0.4436041979413283,16.17541,0.7875350588246396,4,0,143.72096714295287,77.271018580272,0
-1.273712410007344,-1.1524910059908358,-3.345091816914452,60.0,10.645795849087227,0.5394939262616006,26.197716,0.620928334562402,4,0,128.24313798756293,71.93474755115865,1
-0.606883941002052,1.135020143113897,-0.695809667289591,103.0,17.6674811144433,0.5665422583881178,23.63412,0.7297357352156388,4,0,135.23029217465563,87.10619322222274,0
1.6871854784866573,0.04431699145509525,1.058540221048386,121.0,20.316566096808526,0.4640074670314789,23.950048,0.7462553852482846,4,0,141.44944618593107,98.11030317170908,0
1.471571752516498,0.1788190927092154,0.06651623398154075,74.0,16.924186143780403,0.5088957673624942,21.388454,0.7114728532339397,4,0,139.34798664716425,117.84604819780424,0
-0.6956451414866143,0.18047802189185286,-0.42640143271122116,179.5,21.019978635259726,0.5079685198633295,22.122887,0.7743853487466511,4,0,101.4723205242605,147.72004180756213,0
0.030740565634133767,-0.33066250067713376,0.24044616732482438,170.0,21.533106728140154,0.4791300783031865,19.70036,0.7513215322243539,4,0,121.54652797283944,166.97520907548093,0
0.6752112701697883,0.3966870193966422,0.9036066629563562,188.0,20.92598457385724,0.49151049162212174,22.143435,0.7302448561317042,4,0,115.48874258993848,171.0275518760781,0
-0.12211667761554534,-0.286270517291531,0.2987883889985763,161.0,20.60081963781075,0.504456269113641,18.464834,0.7361141443252563,4,0,55.20803195223783,92.88474085549907,0
-0.6117862709794758,-0.0876007468670665,-0.29420089122651943,157.0,21.373676222877208,0.5231963066678298,20.266844,0.7829918171230116,4,0,63.96088825807894,106.41194247646304,0
0.24766582255772715,0.8031847867426415,0.4586365873019208,130.0,20.212225698115148,0.4273604719262374,27.066015,0.7988822805254083,4,0,51.34873394809511,127.12099869582995,0
0.13940842262420222,-0.9156366671058641,0.36721852197248966,174.0,20.836448089276722,0.4101201860528243,19.766352,0.7580840054311251,4,0,94.73280004835766,125.96817586061788,0
-0.006776534007511334,1.3075304869972042,-0.9248384573099679,140.0,20.85880332497684,0.4317243350179572,17.334213,0.7605748741250289,4,0,129.06958238476076,96.64424698197143,0
0.13742436080432358,1.5426042758545746,-1.9733799469973745,137.5,21.20450636671347,0.5079051334606973,16.210152,0.7736938093837938,5,0,71.85924821572674,95.92323441272411,0
0.5697643132825139,-0.6580882144923971,-0.7987495041726314,145.0,20.523138536781687,0.4201141282131797,18.391104,0.7825986335152074,5,0,66.75315578741062,97.48946962961207,0
0.05087894160054493,0.7518954875462148,-1.1794018790965004,152.5,21.030913762476917,0.4423915790884118,13.477773,0.7763976674330862,5,0,93.35175565989734,117.80959765510111,0
-0.5696159531310488,1.8456641499265452,-1.0017690387052935,131.0,18.997398948214634,0.3872535605179636,11.708913,0.751013878144716,5,0,81.85468835100205,90.67801969636244,0
-1.0256180869085403,-0.7828064374153151,-1.1966852749550914,168.0,21.210675885380518,0.3674902092469366,19.240452,0.7587000068865324,5,0,120.38402040126996,145.83284499188622,0
-0.559196625065084,1.7368845645824662,-1.3404780459182823,135.0,12.539949923942524,0.28363044716809926,30.651299,0.5901812252245451,5,0,81.51402906508713,74.61630062294985,0
-0.7496342749348566,2.7000560145599195,-0.1733271271802587,127.5,12.813684941794264,0.4129654529847597,29.36872,0.6661763065739682,5,0,67.24045488539329,75.23747724041597,0
-0.7996709011616705,1.5134417578651234,-0.09241075249455749,124.0,10.510887012209363,0.3563997776884782,40.426594,0.5900576428363198,5,0,75.31622010491749,57.78293480825159,0
0.12730899679196234,1.5204893790339846,0.16631674811635916,150.0,9.421835071289816,0.34684911527131734,29.99403,0.526919098276841,5,0,82.94078427394601,73.29234468863179,0
-0.08722916643755564,-0.705121374036895,-0.8970025641034215,129.0,10.342349343250477,0.39381590642427144,42.90447,0.6804166655791434,5,0,96.57363679021536,56.0224236005746,0
0.1265091458042901,0.7896695204425999,-0.4557194869475049,132.5,14.924680177310064,0.46362844423243876,28.805689,0.5712189407725083,5,0,46.11420831962999,78.7716664242425,0
-0.580099450085249,-0.02989475404488584,-2.5051974344598222,106.0,14.835745986676757,0.39719445140738235,34.212654,0.5459573237519515,9,1,26.94065138687164,89.164385623995,0
1.4865584456421632,0.47122397597849763,0.8578719195388416,136.0,8.228360179492864,0.5250719550408816,25.591734,0.5428137465527183,6,0,82.34939987946342,49.66468187012647,0
0.2729395399441341,1.6121479502695042,1.2422336820866398,99.0,6.766927341381856,0.24790270469690623,25.549837,0.49514605810767726,6,0,92.95442946526158,58.73692826182219,1
-0.7227206742285004,-0.011544774388503546,-0.6929023281557374,165.0,14.921540689279968,0.3313882413663362,22.948338,0.5869825607851932,6,0,47.1791739400265,97.45203984012336,0
0.3029489701479938,0.48248010651846296,0.3173668771156154,123.0,10.130607039164197,0.3827727342906751,34.10742,0.6685599088668823,6,0,79.65569642160106,74.7356278310752,1
-0.28634132308871446,-0.06736310005470547,0.4667864849414353,105.0,13.719538372056979,0.40740070609669937,33.07287,0.5885161506502252,6,0,65.25221068554598,94.6779475490102,1
-0.035719239433296274,0.37598177788896325,-0.632460442841179,93.0,12.608532340160334,0.8112908162568745,23.247284,0.5376630676420111,6,0,78.45912872200181,86.68498950523993,1
1.504590451592432,2.362830210783494,1.4779563528551385,109.0,21.26382061481658,0.5656838950357939,12.19432,0.8364531209594325,6,0,129.74683305458518,141.52372351776265,0
-0.2005020996878123,-1.2507741921360194,-1.8355297409220555,162.0,21.423290958328245,0.577002470430575,13.114163,0.8436784242328844,6,0,87.31256158607887,141.62293997379746,0
-0.5770428639948773,0.4521547705781785,-0.6085876799428573,173.0,20.547233010228446,0.5816328823566437,13.173374,0.8631148526543065,6,0,101.52552271575914,157.14476856311373,0
0.5592715115044332,-0.17980680879427927,0.246475486790317,119.0,20.32257298408129,0.5757462946992171,11.791293,0.8549890580930208,6,0,73.45478288079427,164.02215391117466,0
-0.25182108614181475,0.0033413809114091857,-0.4938181609177581,144.0,21.34520350485599,0.5951577079923529,12.323618,0.8522889896443016,6,0,92.66496690679642,160.47229883639685,0
-0.011828213291873575,0.4103500234363266,0.2031047923179412,156.0,21.721314074146072,0.5349533150070592,12.020694,0.8507265668166312,6,0,87.99260875354922,172.8754638608808,0
-1.6502632322334565,0.7347656957097916,-1.8575854473681002,77.0,19.83895893647994,0.48803854616064773,19.24657,0.7679214791247719,6,0,119.79860072872954,76.67970524924928,0
-0.2763850335767198,0.9173507945091093,-1.1908944546844042,189.0,10.08198507199272,0.38831826966059835,39.43231,0.6772632818473013,6,0,75.84092039663406,78.5650008669748,0
1.0175651819212517,-0.48155460849404885,0.33016456263567184,199.0,9.00741771953972,0.44898136038529246,36.64343,0.7669598711164374,6,0,75.24175726208847,64.88337246677096,0
0.04120613869786996,-0.29033036776770166,-1.9370427384210078,172.0,12.928287670447052,0.5185336862739763,26.077366,0.8068109719376815,6,0,67.00326653418288,75.52662126133453,0
-0.5300885574347767,0.26781810344369106,-0.43875679565108305,163.0,14.366449742096519,0.5279889687111503,31.03815,0.7789281073369478,6,0,54.88650670324796,87.73234035656908,0
-0.3368738123064209,0.2773599578490449,-0.2921379629212998,108.0,12.022840339414529,0.48137307010198893,32.35318,0.7750597125605533,6,0,69.45751256473204,85.22090410230531,1
0.8078962883333038,-0.5474516218873736,0.8466848469372315,184.0,21.351220138145226,0.5028337036308489,25.057867,0.8017497815583882,6,0,118.22001198837444,160.41234402768652,0
-0.25727916363409487,0.4116707399862622,0.8059772352663757,191.0,21.099842053002664,0.5612735058131971,20.951645,0.8192209507289686,6,0,94.5868959477322,132.39476224821888,0
0.12563773865387234,0.27933618976222313,-0.5436855493532754,194.0,21.276511025970994,0.5317872088206442,20.2466,0.8130875355318973,6,0,116.57847893316172,150.49942071239536,0
0.245518917436249,1.000695682249638,0.16700618840292442,176.0,21.316352453776705,0.4334097598728381,25.581524,0.7914757163901078,6,0,119.50029680543244,161.4032826780943,0
0.848182368688167,0.32614704962174085,1.2437547442883718,179.5,21.88300803184845,0.4894265571707173,26.263718,0.7075358848822745,6,0,147.7897609741485,111.79068537312536,0
2.298043778253579,0.8509982836532242,0.6190835669034658,85.0,4.626579853193,0.8054769086210352,12.327632,0.8303417375213221,6,0,131.01434717735086,27.87755875583325,0
1.2515221541649824,0.33906883068718635,0.37955926689845576,68.0,4.6667346996247066,0.707014041511636,12.372328,0.8271377337606329,6,0,117.35947473382971,41.49923770572211,1
-1.6403051881899926,0.868681246921288,-0.6455337762968825,72.0,5.715054820421287,0.5103612651950434,16.596031,0.6062121265812924,6,0,121.52895977687224,58.80546030638485,1
-0.4352452706223276,-0.05891952261104079,-0.28127426539975353,88.0,9.165425677729019,0.7542140342687306,18.401255,0.7241114691684121,6,0,130.61130401837775,44.26825093020734,0
-0.6901895018726886,0.6898714271827717,-1.1467543534724454,62.0,11.182031551438733,0.42465201177095113,21.063066,0.7934016365753976,6,0,126.22920534636312,60.02680055630206,0
0.4172916863524375,1.8573251377543762,-0.39072327792121475,149.0,10.492534277950313,0.3449830593247163,27.29888,0.6474242649580303,7,0,66.0642405792017,66.34593815256626,0
0.3755667034506387,1.1368324762597777,0.2246051581396316,142.0,9.553800841173722,0.32066094483199875,26.08631,0.6106178195852983,7,0,79.61976468340184,62.377435102259874,0
1.013031191659637,0.9592143514687593,1.9652108063384517,185.5,21.76101172475612,0.3115827362788351,21.185816,0.6467851023924979,7,0,129.5809823825841,163.2033890507564,0
1.9700695420649634,-0.521233429632348,1.4261740190960206,195.0,21.245648626043305,0.39310010483390406,25.275078,0.706880227515572,7,0,140.50394830966107,150.12254424536758,0
1.228322245589243,0.04086897562960078,0.8351163157137502,166.0,21.50239364087166,0.3892349930186021,25.41793,0.6637330776766727,7,0,131.46756075142963,152.2287274571239,0
-0.038068506163795854,0.7711398601030139,0.6706358883151956,137.5,8.615507346107375,0.49667463412410334,19.146482,0.7931968036450838,7,0,130.6133523552538,33.80389570448003,0
-0.4539277536426381,1.603505970992005,-1.137129311101546,134.0,8.064379163648283,0.4854905244551207,19.928648,0.7841588917531466,7,0,138.58638418488536,39.00492276150639,0
-0.6627496190899185,1.4996001811800914,-1.250069070848326,148.0,9.344753686718263,0.4206508601966657,23.073004,0.6923194841334694,7,0,143.12801528372884,52.279591687521936,0
-0.9573365024698808,1.3243674046385163,0.21105462276161305,164.0,9.315047013742273,0.48240510099812556,17.978582,0.7583096560678984,7,0,140.75399073347606,64.02998192713751,0
-0.0057589933525098525,1.4936023582162832,0.8094358823130654,143.0,14.695675427409343,0.48248173531733063,17.57828,0.8128197851933932,7,0,132.19095171117675,71.95868304153315,0
-1.1030116692742296,2.0618949209165183,-0.3961616250541356,95.0,6.217377339112918,0.45369248327456024,15.835382,0.7780107197008634,7,0,127.37465126421463,46.67183029930976,0
-0.7649444371867715,0.5894445169657113,-0.6021598328869193,104.0,7.29499515141166,0.5301120328275781,13.899049,0.8372474908828735,7,0,134.5890245731223,57.16514209437219,0
-1.9864153904163588,0.8376230142802293,0.028363801389871577,167.0,20.018338256399336,0.5786701017304471,13.152027,0.8213395225374323,7,0,115.27478941986078,123.49630884281636,0
-0.4562626191547187,0.7967574687295775,0.4421294504163683,187.0,20.16432896775018,0.6249647814976541,12.790526,0.8686635588344774,7,0,99.34417622629556,102.9820334681449,0
-0.4004655877101824,-1.3606793536062338,-1.3980437286853646,183.0,20.67968312968558,0.5638842394477442,13.624995,0.8335183890242326,7,0,127.06547626782952,126.74795695565729,0
-1.1387181596831901,1.37460447564971,-1.332447338080937,196.0,21.128157312869334,0.6638824673075425,12.764157,0.8546419551498011,7,0,117.42469593164184,111.95885825339016,0
-0.4606324489698864,1.691582989577426,-0.2553475037955019,178.0,21.13375072126831,0.592663110871064,12.917399,0.8479390928619787,7,0,137.59279430139418,150.28449646636753,0
-1.3210208699821855,1.6154412780980836,-0.4958949188366979,160.0,21.28718179535766,0.49458460588204234,27.365135,0.6667860683641935,7,0,122.12555684402214,100.71432897691489,0
-0.5445692993861637,0.1734861064862015,-0.40797138842329655,152.5,14.083540367370091,0.5070463677770213,32.392094,0.7594351015592876,9,0,55.99800012821899,97.73632183059006,0
-0.918120863418499,-0.4747173624510897,-1.2078295274582662,181.0,13.533269866026632,0.5233207541076761,37.761852,0.7421571298649436,9,1,60.319660465143976,99.07301335652394,0
-0.6083570868075654,0.3005741491279904,-0.6183540715713717,200.0,12.475545843440123,0.4400856024340579,29.20815,0.6929052095664175,7,1,64.39455940525171,89.91830088244936,0
-0.6573282149706755,0.4550418409467784,-1.3379129049806187,198.0,13.902985714502293,0.5054305556573366,27.87436,0.761927162346087,9,1,43.0598921538506,102.9855134653534,0
0.4473886016480364,0.7517626232881824,0.40904974415084366,182.0,12.954253371614666,0.46449894026706096,37.72393,0.764722039825038,7,1,54.838372396598174,81.30444239751147,0
-1.0014295645735476,1.1570570750451206,-0.7782492572042199,141.0,13.69348158645556,0.5756894820614865,25.10705,0.78482502071481,9,1,40.36610736957436,94.10419327579211,0
0.15818788304901402,1.040006137535061,-0.19357499299232037,125.5,10.975944082831141,0.4934512235616383,34.90407,0.7870469783481798,7,0,64.47691002322422,61.097577680377455,0
0.42868576240120143,1.1111512366886545,-1.2946082193731705,192.0,12.658975606073682,0.3954098005043833,27.719845,0.7319230719616538,7,0,49.160887687427326,81.20204597635319,0
0.22529088185739554,0.7399195063503594,0.3006263666061877,190.0,21.123069694648397,0.48270490608717265,21.67841,0.7680329743184542,7,0,142.96138499940062,127.7634412452492,0
-0.34024980265553806,-0.4491597161125121,-0.3592887770376526,169.0,20.801167541811626,0.46606199364913137,40.053688,0.736621059869465,7,0,142.71649281089387,150.82942811687198,0
0.40192654492474317,1.2355961590724014,-0.0757810488429951,177.0,21.7131175827964,0.3824270916612525,23.35459,0.7021980567982322,7,0,130.6319553377071,162.45016640494327,0
1.0020298056601276,-0.038558397018372936,1.445617434281539,193.0,20.751531801908005,0.44680366861192805,31.246016,0.7906089236861781,7,0,154.30256455651815,134.0518555861347,0
1.435422132356457,1.0564670573963844,0.5375675210936589,171.0,21.584863745575024,0.41710271333393295,33.384815,0.7966078739417227,7,0,148.93845625075264,130.19231561012043,0
1.3116019479874839,0.17736882956853278,0.890941677737271,118.0,21.416538545767764,0.4218484508363824,32.59438,0.7922738696399488,7,0,150.30530695269348,117.85797717352337,0
0.42109365908147905,1.056624929870102,1.2666280914233237,197.0,21.547221773065424,0.39935557152095597,23.522701,0.802003098161597,7,0,108.1900001036663,173.9939077978228,0
0.03587796019508037,1.9611656084793716,0.159979162701592,154.0,21.48710254800872,0.48041269496867534,23.464113,0.7970745030202364,7,0,94.9806950972558,176.03704539364549,0
0.7820064964307766,-0.20270141994261673,0.9607665103142513,175.0,18.640025642801234,0.4077992282415691,32.28185,0.7919608825131467,7,0,64.9733279837307,97.60086958479482,0
0.05059145955662162,-0.45216011534941153,-0.6275447220515703,158.0,21.376854008833092,0.40746388466734634,27.39938,0.8067227947084528,7,0,83.71092781281969,115.48136115277588,0
0.1027391591501026,0.11712291511201893,-0.8086973710387312,185.5,21.24201763946628,0.46882919888747365,20.037235,0.78897877429661,7,0,79.31561157005947,115.18418313789095,0
0.16726611541822786,-1.0763595091020925,0.01650402798038046,159.0,21.04834590223858,0.4476685696526578,22.934366,0.7939155446855646,7,0,67.91791800895486,122.37172160176986,0
0.12955847311441004,-0.6689847355017033,-0.11129272892707569,147.0,21.09309565157012,0.4284210173707259,22.640774,0.8104111489496733,7,0,69.01249048538375,137.2077487552535,0
0.16895014134598543,1.13659609643609,0.5981885302064788,117.0,5.87943561580972,0.3843413340417962,24.225136,0.7712554241481581,7,0,84.0094444590984,49.25872564681696,0
1.963784127082396,-0.45089129509322795,0.7234219500221084,51.5,3.422183178884163,0.43010082840919495,20.759315,0.7921320450933356,7,0,114.9254653136678,12.606118953843271,0
1.1890621392905236,0.6303175661425322,0.16979343018656703,94.0,4.536420305616941,0.8950832564579813,18.063137,0.7462016030361778,7,0,120.44767477310602,19.746565312480588,0
1.2059629322558318,0.46416247907381214,0.04014936072973613,81.0,4.416630558203538,0.7076107702757183,16.28219,0.8246319607684487,7,0,135.78293138049327,14.846626739812912,0
0.044626761007858576,3.1807259157140924,-0.30442101245566283,79.5,11.94596034258749,0.7528843471878454,15.397995,0.830735655207383,7,0,78.23609824416076,41.26717371969359,0
-0.7854690318818699,2.533077093744609,0.26208408705617336,101.0,3.42667497208674,0.7177179079306754,16.690254,0.7091526828314129,7,0,99.9313296425801,37.24582943907952,1
-0.5530278944409901,2.279535781448889,-0.4112414891350774,65.0,4.787614530205865,0.7678715618033158,12.965873,0.8498200240888094,7,0,93.88531098061516,23.339120964423685,0
-0.3326397041169366,-0.7238413989827434,-0.6032503737734781,146.0,14.318409073060062,0.7682701694337946,13.298819,0.8550867218720285,9,1,30.113170418202326,109.21343101397753,0
-1.3507735822749531,0.7062974135776995,0.4687811141057277,102.0,14.032407506977128,0.6509622382490259,14.860707,0.8344518542289734,9,1,23.846322087593336,107.53853311556746,0
-0.45997631232528374,0.2878578739456029,-1.0013015490243087,100.0,13.802050587627107,0.6046006099173897,14.9946995,0.8137694346277338,8,1,33.7420713308831,89.99974854377139,0
0.3300687119388523,0.45303636532450553,-0.11630399548612075,139.0,13.416145153622072,0.5253077980719114,16.804205,0.7582674653906571,8,1,48.58849796870512,75.72936004656155,0
0.6937869177277445,0.6885317572283638,-1.0471029966945247,113.0,12.595013405842597,0.8695429469409742,12.312257,0.8334361157919231,8,0,61.228086661334,64.29276307786792,0
1.1617181288357332,1.1995461263680838,1.4341804753346994,111.0,13.141154286893807,0.5758687195024992,12.563899,0.8020021162535015,8,0,44.49499029267837,78.45119939870953,0
0.43214784425607333,-1.1042128322296936,-0.9531965784184312,75.0,6.166252094497539,0.4285250133589694,20.902277,0.6326490828865453,1,0,121.63663577788054,44.620827679764666,1
0.6597766118712991,-0.3584141417363897,-0.38536155513222664,37.0,2.2056961816079337,0.5087150445109919,20.781992,0.6959085903669658,1,0,119.08882617077408,27.32500101845764,1
0.21746946208401893,0.5487715661961767,0.7364460025796481,24.0,0.8539454132711626,0.5475917929097226,18.11486,0.6860620253964475,1,0,131.95540072252814,23.866679749774736,1
0.666598565673511,0.21392207929892776,0.39755150755434016,16.0,2.0076241242821737,0.6390049943798467,16.220339,0.6990388161257693,1,0,138.77802820314764,10.103933179822826,1
0.6510304518523338,1.1253288107748773,-0.2095648146400606,40.0,2.356824249649204,0.4785339471540953,18.629494,0.703625173945176,1,0,112.95473431602488,20.84230548893561,1
0.6917905501048893,0.9464948273626891,0.703969767353448,19.0,2.7299898985772586,0.5248671534814333,15.271053,0.7012211805895755,1,0,132.11389046183993,4.107645686218456,1
0.1952681848036281,0.6105126802119336,0.9578588248322051,5.0,0.11070061609806281,0.7744701112571516,20.64446,0.6508624930130807,1,0,151.0708850275729,1.6874526167533568,1
0.9823670428341594,2.1818929423416455,0.13596293719381256,46.0,1.1662670688892547,0.6687702489526648,14.15974,0.7074804556997198,1,0,116.0347270201518,16.18972319388738,1
1.099460511192618,0.1958901957017646,0.04218298513995391,20.5,0.7331210963797545,0.4852425377619894,17.05578,0.7329351556928534,1,0,127.903583982593,8.080312366068377,1
0.15730992407789002,1.2554769109867414,-0.9011851410658955,72.0,3.56324355399256,0.4954226213066201,15.605702,0.7276012740637127,1,0,102.67789686501874,29.75390995552978,1
0.10986780834544585,2.9188580017451353,1.087756167867661,6.0,0.7018182865750155,0.5516513303706521,14.734429,0.6624109211720919,1,0,135.2247145320809,12.109914706679689,1
-0.4419437633207818,1.8013415133106687,-0.9525117441072942,33.0,3.1571446215600947,0.5662341086488021,17.66363,0.6353221410199216,1,0,118.33990706883236,28.076111674822013,1
-0.0818785647303615,-1.607915454492355,-0.7697070587655048,39.0,3.0262237828391783,0.5590134247353202,14.248322,0.6904038692775526,1,0,118.53777599146454,27.032667657845916,1
2.15029279840911,-0.8796288152209861,1.5047203013303914,50.0,3.6567647616243626,0.6081594824790955,19.718685,0.6991965833463167,1,0,99.00774634952734,12.69035018936135,0
-0.8638890398064809,-2.1493980465796927,-0.35044371753442305,14.0,0.17126368829785932,0.6132149649293799,13.896549,0.6764773193158602,1,0,137.93246320621685,8.454092243294497,1
-0.6149934222232122,-0.9124218654228227,0.5392050043413685,10.5,2.654607144025178,0.4014064167675219,14.869911,0.7454519930638766,1,0,121.13998307271484,7.746320393803037,1
1.4892499307405134,0.10225333912407347,0.20403741306517928,26.5,3.543852885539028,0.7169883996248245,19.597734,0.7111435532569885,1,0,113.15680351580764,4.005448133811934,0
1.038981971812299,-0.014867239769112297,0.6974384188450947,3.0,0.8169113146570428,0.4407019897511131,13.521724,0.7772469395085385,1,0,144.94535953774192,1.5355703340487237,1
1.5812469961759519,-0.0033067473814489667,0.6744650344941294,23.0,2.0952153265078746,0.5657118088320682,13.888789,0.7250494141327707,1,0,131.43671713013566,2.0538787885983822,0
0.4067909064881908,1.557728290395561,0.8533130808726326,26.5,2.674427636998576,0.5592804880518663,15.781814,0.7288354415642587,1,0,137.9427914942447,11.325778014204648,0
0.6913283446612143,-0.0538907955609531,0.3110476473457303,9.0,1.8247319162573081,0.3830012506560275,13.440413,0.7194245394907499,1,0,142.39343090169143,11.109618573632355,1
-0.4292998844533602,1.1147106750618654,-2.1140281121112183,34.0,3.145821054600143,0.4089271434043583,13.911929,0.7646559194514626,1,0,124.62926005872797,25.87230583036057,0
-1.0226353428000272,-0.2801717199669412,-1.7247602061988394,22.0,2.655826863108352,0.44714378291054774,12.393035,0.7258155220433286,1,0,125.07555819593964,31.939907862498224,1
-1.042630381221139,0.04554026404253339,-0.844625284541382,45.0,17.066564074630428,0.5399829525696603,14.668901,0.7130117134044045,2,0,51.78078828874699,113.3183210137357,0
-1.054363178084701,0.35646903018140125,-0.5781082454503645,12.0,17.35817396314202,0.5067470544262936,12.181041,0.6927543564846641,2,0,64.13777651781882,131.0161378809284,0
0.46475829031374993,0.28406214959764325,-0.6306288122976024,32.0,17.420237768332065,0.46462053060531616,12.323856,0.7683705248330769,2,0,85.00349217892199,152.4817143531572,0
-0.7503135851443538,0.7914132479299262,-0.8246333284447336,28.0,15.650562063621834,0.41094470024108887,12.853235,0.7664658521351061,2,0,67.41515633728244,110.092197721606,0
-0.249038119218696,-0.18849315853304105,-0.35681715785587453,47.0,14.4874439497649,0.48801337653084803,12.725378,0.7108241978444552,2,0,149.61260893571463,84.90771258168024,0
0.7034514639483932,-0.6542087770525014,-0.8033008202362356,2.0,16.045467964069402,0.4954324733269842,12.257568,0.7083308006587782,2,0,78.80284927652778,133.43095320973535,0
0.16681659949130156,0.754132692060067,0.8911822452258549,10.5,15.866915629130137,0.46972458299837616,12.028815,0.7380341542394537,2,0,95.64727628529548,140.639803612248,0
0.24945776900806238,-0.22393642152572518,0.11201494759561403,25.0,14.536994398650204,0.4060976599392138,21.93646,0.6392459963497362,2,0,82.60461162525553,100.86863157473184,0
-0.08335176010677724,0.55467677403306,-1.0218760168824512,35.0,13.884044820636873,0.43240480673940557,18.070019,0.7166921715987357,2,0,87.86322608459186,91.97196032164284,0
0.4826155452136234,1.1307389078074657,-0.17688101911527288,1.0,15.064871604595202,0.39921861416415166,16.868319,0.7061678453495628,2,0,88.57182977581463,124.15421355052386,0
1.0279973564801426,1.2827680594776558,1.6253317937016134,17.0,12.693409948526714,0.5086708382556313,19.426367,0.6719551306021841,2,0,142.40274341895258,97.5176240777332,0
-0.7156346135621111,0.9290901164643407,-0.39701606437401943,38.0,15.895478626383275,0.41183755899730484,19.364628,0.7318495825717324,2,0,116.29305485206994,133.6074428245904,0
-0.9031938109439414,0.560162586980831,-0.26099089281285626,29.0,12.287534805906962,0.4309340433070534,17.763084,0.7240429238269204,2,0,125.46321990194008,88.07821889156199,0
-0.3508747904023189,0.724161669441375,-0.19786944037595247,13.0,13.56045060398348,0.3904722623134914,15.788399,0.7428170254355982,2,0,102.22589077002677,125.50195425347584,0
0.7510233013195746,-0.3432884868114798,0.44025936591629167,4.0,13.292390714030065,0.4235877253507313,15.479205,0.7547419980952614,2,0,100.53678261619876,118.40230295678587,0
0.6942169936282147,-0.5060701024498764,0.853985747260627,18.0,12.71047230145459,0.4342657280595679,16.626677,0.7386189416835183,2,0,94.61851585137,98.09751274422324,0
-0.12969952383261724,0.22941170837200797,-1.5028382239192386,43.0,14.71352088360183,0.39875112552391856,14.510629,0.7550968057230899,2,0,129.68418804356847,116.94602450203058,0
-2.343854267559666,2.4205360848192936,-1.4392848027147978,7.0,12.665678766037523,0.46891285871204574,16.200647,0.7792230844497681,2,0,129.4559215600413,107.7028961550855,0
-1.0605369056252174,0.8802248705311837,1.0817896615976303,8.0,12.897642228545665,0.4267110510876304,18.386885,0.7598765649293598,2,0,116.42857834332636,118.807842061352,0
-0.8014282008133967,0.27270722650895635,0.9937573543411264,15.0,12.486398190312945,0.447604249966772,14.318273,0.7727653823400799,2,0,112.46727751871516,105.08688617354238,0
-1.9454191503510139,2.9457056602541636,-1.6682521722273058,123.5,14.653061680726758,0.4881076859800439,15.3097725,0.7773967887225904,9,1,21.658928891459357,97.06140407474238,0
-1.80397927192542,4.194878002372251,-2.251825382744159,48.5,16.093544856854585,0.3569818256716979,17.435118,0.75123278404537,2,1,6.183059977394685,113.2101526022456,0
-1.0381057961107112,0.7048798892425161,-0.8923256246763831,108.0,16.089948348287226,0.43858059299619573,14.867756,0.8034158380408036,2,1,8.722369948244449,106.64674969464652,0
0.0470644802766519,1.2219975824542713,1.4876613008848782,78.5,18.029320348145983,0.4502187904558684,12.613871,0.8274027360113043,2,0,22.34703412928461,108.96176842213625,0
0.5498236080286782,0.9365107597554496,1.6083977300668508,67.0,14.587113772130268,0.4378179084313543,13.959118,0.816720796258826,2,1,6.348171994140516,116.30586038649912,0
-2.3070491933456627,0.3091605841141742,-1.8913528347282202,68.0,15.383325619585737,0.4597436142595191,12.392,0.8233294832079034,2,1,14.191686075965253,116.68267235087262,0
-0.35864703089105565,-0.0759858978348954,-0.6028120997692703,36.0,17.530968160272565,0.44111832348923935,18.088058,0.7575227116283617,2,0,17.876887076744705,117.12834101924334,0
-1.9815616437432813,-1.09569190668804,-3.149569192168456,63.0,14.104277255851127,0.33421934513669266,11.79862,0.7411743935785795,2,1,6.664884933410775,124.62757337621818,0
-0.445638943553162,0.30946933530464366,-0.8033740172677057,41.0,17.96943924774471,0.398649516074281,12.815039,0.7869297611085992,2,1,26.194606328691837,123.997456300405,0
0.08070866927992587,0.43735314067593245,0.33862320624864883,87.0,18.18221955160914,0.4347568797437768,10.924651,0.7833156491580763,2,1,45.65595250887765,136.26468072637397,0
-0.7697384052378947,-0.6218993521039325,-1.3062707468556531,57.0,16.698680613477073,0.36807138119873245,16.015682,0.736841336676949,2,1,17.63605335730026,129.8858965099688,0
-1.6047539093947916,0.1897245977376935,-2.120702944802844,70.0,17.87910996968081,0.3676469082895078,10.805026,0.7763526094587225,2,1,36.16416222150578,134.8309075743059,0
1.0065352482947343,-0.0819883644075317,1.0589631424638015,77.0,18.407630618772092,0.38150469958782196,11.641223,0.7789151323469061,2,0,70.96077062987793,160.93523645264133,0
0.05176659864652933,0.9020423911327491,-0.4160069724442139,20.5,18.00286167682787,0.3688603976839467,10.930636,0.7780405282974243,2,0,58.57106803709492,142.4495205725782,0
1.264783519318793,0.18422239392922438,0.5223663122392707,31.0,18.071356763758306,0.3691183869775973,11.05101,0.7724249457058153,2,0,74.88221450522889,153.2806612423061,0
0.5283483161778297,0.1412431742243215,-0.13260695749410933,97.0,8.05344027748243,0.28133149837192734,10.666372,0.7398528237091867,3,0,112.9656316020135,46.76984680237516,0
1.054320393071801,0.44049270545798785,1.9243817735268467,122.0,8.933144220737994,0.37870729361709793,13.774342,0.7290246486663818,3,0,107.63678829689428,53.35390140618602,0
1.2786540730699252,1.811436672125394,0.9204659401118509,65.0,8.458287121818767,0.2657468993412821,13.936404,0.7185132754476447,3,0,98.20761263419216,41.4540403888745,0
0.41465713804864013,0.4644367155505142,-0.4588669467655604,55.0,11.535179731881929,0.39696613973692846,11.901466,0.7458532170245522,3,0,90.12161509237028,42.14556551235486,1
0.15787899814926948,1.3032110672184867,1.3387443284570528,101.0,12.592418360775238,0.3627626550825019,12.664536,0.8087551123217532,3,0,75.65789093332106,56.66291699457975,1
-0.8928803038661424,2.0855322956267015,-0.18213085304110063,58.0,4.581681680606101,0.29346850828120585,12.636671,0.7294605531190571,3,0,106.8292198682597,37.93455951758857,1
-1.792317818775922,0.23092347082115008,-2.1812310899379446,42.0,5.546747017279656,0.3508511366028535,11.923424,0.7743028810149745,3,0,110.06799212548776,47.60609631403807,1
-0.6290106371177102,-0.03046610287863648,-2.72122213685758,56.0,8.184887688629058,0.3099079069338347,17.93146,0.7369230891528883,3,0,101.38664386478553,53.134102068092005,1
-1.8125710658423533,1.8743635056903007,-0.9588753271959765,52.0,5.2272411604616025,0.4872108729262101,11.762911,0.7999571718667683,3,0,108.45814895961315,42.28948906533973,1
1.209830108228568,0.22393815956970958,0.9060031649791105,85.0,10.193493299332228,0.42287311036335795,14.854297,0.7377396069074932,3,0,88.03953665075336,62.74113504884237,1
-0.8461475220437685,1.521438329907645,-1.8336103382976938,48.5,7.7548902867905385,0.35312899241321966,14.8866415,0.7331475019454956,3,0,98.98712312121222,55.026082426820864,1
0.949796147119093,0.8401639701394412,0.7804912477630013,81.0,12.595340915899445,0.42557069502378764,13.396846,0.7215879151695653,3,0,85.20150591310112,74.70659536803397,1
1.0091132857651577,0.6317686082938606,1.0617646627792812,53.0,10.379436895466615,0.4407990394454253,18.087091,0.696126423384014,3,0,94.83611260308814,68.59140877452764,1
-0.043114835898958995,0.6885748458485647,-0.43955693427980036,61.0,6.882484955210872,0.4813000308839898,17.95471,0.7847502262968766,3,0,110.957793766791,66.29695190337765,1
0.9352121979415249,-0.2104159875775505,-0.8199747218061254,134.0,11.638184461231866,0.4283054298476169,14.864288,0.771135992125461,3,0,85.34505749196309,58.038888770917616,0
-1.3836241622859362,1.3736592972877686,-1.4825533093030165,64.0,17.509783863827618,0.5995404610508367,13.334502,0.8063800178076092,3,0,41.32019217125448,122.01504370867458,0
-2.30046006298885,0.04734054988187452,-2.0929410366749885,91.0,15.482890058991622,0.4653704950683995,12.05719,0.8129673161004719,3,0,51.55678384008685,110.59040449821867,0
-1.33666261887175,-0.6714625607193418,-1.2704452487849143,80.0,14.16591373822553,0.44445874267502833,12.162969,0.8390973931864688,3,0,71.10008599291797,88.13128138836042,1
-1.034604658084179,0.41690733852118267,-1.896287521744305,71.0,15.088786235534728,0.6988214819054854,12.276144,0.7892478892677709,3,0,62.061990397379056,99.3702610417125,0
-0.3830047502437111,0.3805741944012893,-0.2684335254768443,62.0,14.692837757867723,0.5403575567822707,11.355365,0.8649695452890898,3,0,75.84750092707404,89.19924704193049,1
-1.8332657766243647,1.8192472128122044,-0.538120369103093,83.0,10.021691008954292,0.4126689496793245,11.050003,0.833621621131897,3,0,118.97260965784145,69.44864339697584,1
0.5584445926730776,-0.6647086559362892,0.27765879557067374,66.0,12.239429115906558,0.6242885840566534,11.490168,0.8338638230373985,3,0,100.53203859302586,81.9854931558603,1
0.3206411094362596,-0.6236496449412071,0.5823564158792025,54.0,11.763654078258636,0.5203457051201871,11.318261,0.8494055773082533,3,0,106.74613566329712,86.52936508726586,0
-0.13139457033290533,1.4253782151520213,-1.308982459222294,78.5,20.64705052554281,0.6593321467700758,12.238964,0.81861811876297,3,0,104.34484367851198,149.862762141861,1
-1.05993218870904,1.7966601799166984,0.612237079841715,103.0,20.821159531727396,0.4414828686337722,11.094501,0.8231034467094823,3,0,116.62508103213068,139.84778368016924,1
-0.5467636384396857,0.2887235597357825,0.07985028297119724,74.0,19.052544708129368,0.512408606315914,10.996894,0.8029429943938005,3,0,127.5949863552389,127.5804967630322,1
-2.0095974999819,-0.638010593220487,-1.6790321426852477,88.0,15.140782500344313,0.7987262261541266,12.455148,0.8142088557544508,4,1,20.79165680468064,113.96400300002652,0
-2.3231206483906344,0.7227159042893543,-1.2415188615748243,90.0,16.221244121862263,0.5155135110804909,11.274913,0.7925306182158621,4,1,27.653276381906416,122.99881425080162,0
-4.069249915741932,0.0776603766660527,-1.3073092347848867,131.5,15.161326178420854,0.5761681450040717,11.77234,0.7925404686676828,4,0,33.46896121498522,111.07745361352092,0
0.2715709168716887,0.9920179418200596,-0.2092963067587242,115.0,19.90354031467804,0.5877896766913565,12.034787,0.8052659505291989,4,0,86.98738935724083,167.56425581769483,0
-1.4057837752179219,0.08240164984888074,-0.6412848727037121,121.0,14.56436006253073,0.41278365724965144,11.287949,0.791997890723379,4,1,34.00206962533224,78.85492702987975,0
-0.559983701958509,0.6684247253971733,-1.2132350414524744,135.0,19.646054302351374,0.33001393315039185,14.8500595,0.7506888195088035,9,0,41.88678826725201,89.77638999268801,0
-0.8554732328954759,-1.0817635654047366,-0.9340109346747741,136.0,15.18313212006167,0.3619712191192727,16.62834,0.8004610538482666,4,1,20.180442728745465,94.69516168209589,0
-0.32795780074749425,1.5467063447792304,0.27802344238622134,152.0,18.35004068403054,0.3391229737746088,17.390978,0.7786957119640551,4,0,33.13651419781818,98.93027329772605,0
-0.7033741221020446,1.2244316539417481,2.06086734126704,109.0,19.471527531735155,0.4226174856487073,16.789284,0.7762514823361447,4,0,36.92385948620223,106.84672239224854,0
-1.1403725194759955,0.24507648201778823,-1.2863086719869312,107.0,18.503977998680725,0.43797495490626287,16.241934,0.7793500893994382,4,1,44.10507879748057,122.1764165435563,0
-0.9464748662386245,0.06107084467026931,-0.668054349988517,129.0,19.772695309441563,0.40056472154040085,15.092239,0.783882526974929,4,0,66.3407428266801,139.68454942202254,0
0.45091892955443663,0.7538346851885478,1.2569589489947541,105.0,17.83259590534174,0.4701629594752663,14.479879,0.8193982494504828,4,0,141.0599343716699,79.59156288928874,0
0.2560682673985085,0.9882075485540425,1.230368429386506,73.0,13.223461399747912,0.44397157273794474,13.703161,0.8070743805483768,4,0,146.7622031857892,76.59942882754876,0
-0.2914213032598844,0.925288591094645,-1.1238409740097561,89.0,12.230768158084947,0.5449670961028651,13.627665,0.837393017191636,4,0,147.1031386493631,73.248254630376,0
-0.8714549791531152,-0.07810785338424732,-1.2226054434106746,125.0,21.626970877746892,0.5836326119146849,13.071015,0.8684256202296207,4,0,154.21983850417234,96.5947404492106,0
-1.4749618648993568,-0.21212462698145568,-3.4294294345016154,51.0,12.267007121476663,0.5579220072219246,13.4262705,0.8562047857987253,4,0,133.33881595681794,74.92514469536363,0
-0.27610856448043086,0.9430567231798663,-0.4083888341594401,30.0,12.585405972554119,0.37697967886924744,15.773479,0.7674783436875594,4,0,146.26283640407195,83.88339699280964,0
0.47687645917177945,-1.4054435825507354,0.7563798265831645,69.0,18.02754523487343,0.6639787146919652,26.303982,0.7547200604488975,4,0,142.2251638783936,100.724092567881,0
0.6022691605014286,-1.859095457841909,-0.5245281481457964,116.0,21.33053475583757,0.45353359611410843,23.515034,0.715660920268611,4,0,142.92063182974917,117.8797305139297,0
-0.6364712665114716,0.9119715764926323,-1.6790035285365896,156.5,15.175462831642994,0.5159057504252383,22.22126,0.7389415878998605,4,0,44.034375952465496,94.47715694656048,0
-0.38790385896823715,0.5914473139865144,-0.12552286743507213,146.0,20.869909857602565,0.4209831372687691,20.918156,0.7200403935030887,4,0,85.52625825252527,127.33354372389928,0
0.6195553696615502,0.0693284655571036,1.6672198740487432,172.0,20.128938387209416,0.4521451043455224,20.458239,0.7814165667483681,4,0,100.76742122371434,142.14082224891837,0
0.45350621096789234,-0.6703751585669427,0.049280006712493926,183.0,21.57577077350678,0.45363039562576696,19.352121,0.7794785123122366,4,0,128.84316482223878,159.14210678539413,0
0.4991708254594655,-0.20553103680320706,0.22422702634362413,160.0,20.780866575861406,0.4738864961423372,20.55158,0.7447999590321591,4,0,120.06055280798842,160.80365082208698,0
-0.5766112381683883,-0.1936245732925477,-0.9751879818681745,164.0,21.00890659871083,0.4701153400697206,19.431221,0.7816519643131056,4,0,61.20428688819119,90.03273357580305,0
-0.8109270750871683,0.4442132886671706,-1.510506986110968,139.0,21.12951045675056,0.39632734499479594,28.777393,0.8013030384716234,4,0,55.57698571869252,105.71575171807623,0
-0.07148523752915928,-0.5360091265171208,-0.05675762114818314,176.0,21.62392496442977,0.4023024580980602,19.504675,0.7502224696309943,4,0,136.5850461126093,101.28055390359928,0
-0.062068157892610325,1.6824097740879158,-0.8489522126608608,142.0,20.900771875291987,0.4165424782978861,17.709381,0.750229161036642,4,0,136.64345912424807,89.20456780770833,0
0.716627333768406,-0.47459139454433785,-0.013229589671282828,141.0,21.08067919647911,0.5250664635708457,15.951093,0.80097412435632,5,0,72.12556966228382,84.61995074613583,0
-0.08329431275726917,-0.3859863382792861,-0.20017002789638713,161.0,18.072361809277496,0.37407788085310084,18.707226,0.7780336612149289,5,0,67.62253446925894,86.7903418773639,0
0.15608971038152922,-0.6058102240594194,0.5579115966767071,153.0,20.564606629126136,0.37591349921728434,12.197534,0.7461085884194625,5,0,94.9007974590568,105.26434628977351,0
1.1360687637774007,0.027906156421225237,-0.3150872671990161,166.0,20.523062880112345,0.42614234434930903,13.973993,0.7640328093578941,5,0,87.70918056885256,107.2316924017114,0
-0.23669157944223634,1.6571269123785977,0.3807108449902187,110.0,20.866410932546906,0.35203801722903,17.512161,0.7612024137848302,5,0,84.00537829842125,83.57377213592083,0
0.04099394904893205,0.9871438702130534,0.4151237055600345,178.0,21.13864342745843,0.3703087301630723,21.753176,0.7503399503858466,5,0,115.37502769137876,125.83076598490216,0
-0.2069013076294405,-0.13380070457085988,0.6366251922180353,127.0,12.079578582170603,0.28814488335659627,30.161755,0.6241320810819927,5,0,78.10701383683661,57.96231186641363,0
-0.12303163484720044,0.9918491487720119,-1.7316444364624233,155.0,13.110736854604191,0.4026753761266407,30.807411,0.6814588527930411,5,0,89.21841265729235,75.70261388894566,0
-0.792420737479249,2.075152326253994,-1.114930653661188,149.0,13.849298396090552,0.35333554995687383,40.842255,0.5903857679743516,9,0,68.85176214601681,84.30699275568944,0
0.6877119667536121,0.3721343162091343,-0.3998060710420123,145.0,12.153204747005077,0.3908778597649775,39.77592,0.6871689652141771,5,0,97.96627750439698,50.48148328380381,0
-1.3727673979274657,1.5159146376407053,-2.086319457027009,131.5,14.182799704115032,0.2864653428918437,28.95906,0.5377266846205059,5,0,53.92552219299934,68.61227712393706,0
0.8617416937854325,-0.286593645320172,1.263263448073062,137.0,11.006545715072999,0.37131813874370173,42.12704,0.6503750744618868,5,0,105.52613174485954,60.27886997934498,0
-0.6800095960876312,2.32060729403165,-0.23791374721243133,100.0,10.012137468794641,0.4733323878363559,30.927832,0.564712825574373,6,0,91.13234739897143,58.160701859354056,1
-1.4859212564672974,-0.6900059891852847,-1.9320152257621,128.0,14.724829689460114,0.3182462736179954,29.828587,0.5764667517260501,6,0,58.06180529256216,99.45050218644008,0
-0.04098369129608902,-1.322739516357267,-0.11476771675253238,104.0,14.300452105685924,0.34950213996987595,34.90136,0.6279796612890143,6,0,64.87982914386083,85.75832167074581,0
0.18955490100139002,0.29610607411260853,0.2699666183674719,95.0,13.759637169235575,0.38531296425744105,26.120573,0.5755981708827772,6,0,75.45390103627929,79.61720294103404,1
-0.11261671990481713,1.3301704547078437,-0.1908324276133947,140.0,21.554722766086964,0.4604071519876781,32.653656,0.6080408190426073,6,0,126.1992497510688,137.74850263520062,1
-0.2442356137676736,-0.20178718992989064,-0.7776384361275869,147.0,20.499358759360156,0.25517405255844716,21.753006,0.5848291861383539,6,0,87.52000534941543,137.13285727776287,0
-0.5724669404870517,-0.2844957441420501,-1.8366182202933814,120.0,21.55758428013803,0.6767267945565676,24.697775,0.5487246983929684,6,0,84.80478416144135,149.14500484152177,0
0.35750529167572387,-0.12828625396832918,-0.6857998509873549,170.0,20.132940860545123,0.5994387849381095,13.254113,0.8385253548622131,6,0,98.69952946044168,150.81655996284542,0
0.27259456170517393,0.9746811900820664,-0.08057897207323061,133.0,19.310138839865168,0.5858013159350345,12.449287,0.8392179263265509,6,0,75.03933588153866,155.82494900904516,0
-0.07466585239512695,1.308665105239006,1.8221417784333047,156.5,21.505988462288727,0.6446886658668518,11.842636,0.8488529983319735,6,0,89.17943866873439,161.44528413560298,0
0.2845175530165935,1.4451853683189966,-0.5681603875949406,59.0,18.615044676053007,0.48442063049266215,12.035453,0.8450869635531777,6,0,123.39554029681628,66.34180392337113,0
0.5741619270177849,0.5352923289857923,-0.05624072462192954,200.0,12.379221829116128,0.521991103887558,11.49698,0.8530905999635395,6,1,87.43772599488933,79.43976220191712,0
1.223009099285789,-0.9012656035154633,0.20957143767575034,199.0,10.978138171054992,0.5610918151704889,11.484945,0.8461929277369851,6,0,85.97750916973965,70.3233641904215,0
0.6331207929788075,-1.3339559098132066,-0.8316879937352248,193.0,14.522394080107134,0.287090288181054,23.81945,0.6382355611575278,6,0,50.21793211953301,82.82514027058204,0
1.8149862705603552,-1.0127491770239,1.0048390964329994,175.0,14.56141197079281,0.47245325383387116,19.172382,0.7905524969100952,6,0,64.17922369749247,76.24763566566986,0
-0.15197360627298778,-2.2573304426291205,-0.02241583560586542,154.0,15.296959843417977,0.4268932075876939,28.136192,0.740641524917201,6,0,56.031410098141656,89.84692039844303,0
1.0888321899383853,-0.8876075906027071,0.44678177463420105,130.0,14.058929122135956,0.33883884313859436,43.283863,0.6739121455895273,6,0,74.25879545059705,74.82616980296996,1
0.8219069568953824,-0.04837011543713249,1.4462886366338927,180.0,19.99621313887899,0.4228326411623704,32.214848,0.764350950717926,6,0,112.18314136897058,162.7261492370382,0
0.4831122197189286,0.26893145368832155,0.8249241347183457,187.0,21.25485294191416,0.4318603488959764,36.310474,0.7535453721096641,6,0,102.91924460983924,163.4909916203613,0
-0.8135860513933313,0.8421414376503055,-0.154546539001818,144.0,21.223037504610947,0.4198836809710452,30.39971,0.797235485754515,6,0,98.4809025816988,165.23752831430667,0
-0.2529957955749658,0.7031752366901012,1.027882098277279,179.0,21.752512725375144,0.45792038660300405,29.091755,0.7931385636329651,6,0,116.66320424313304,154.56016387907965,0
0.19706958111219527,-0.4811090053132704,-0.4582484447071701,168.5,21.223003369051888,0.44295326188990947,23.011444,0.8048688769340515,6,0,85.210480878113,105.6560767009304,0
1.180034912045225,0.15719225501945838,0.4411000040418281,163.0,20.364930716878142,0.435378455802014,19.679762,0.779490568135914,6,0,102.35292366088744,122.1799453871036,0
-0.5627680466687633,-0.5014596430506615,-0.2971565402177967,185.0,20.835330235589424,0.4632479030835001,33.30621,0.7946216369930067,6,0,97.55598705789004,125.66506667780574,0
0.32533523806718306,0.22921702443321157,-0.2084440572292227,173.0,21.08526059039529,0.49106788478399577,22.176031,0.8113406363286471,6,0,120.58302946499252,146.8313654946318,0
-0.5152211572400653,0.5989168874793195,0.9408068178005595,171.0,21.949517922914872,0.460384886515768,19.077333,0.8051433751457616,6,0,154.40513465384913,106.93488626950716,0
-0.10703870175448138,-0.2484071610224491,-0.8064973132561617,84.0,4.362271987928979,0.3921886117834794,24.497374,0.7893918878153751,6,0,131.4257032447846,23.15291141333645,0
-1.324396461019032,1.498164160038884,-1.1436576990332525,82.0,4.844835021991667,0.4372529011023672,21.285864,0.7935113310813904,6,0,120.48874292405732,33.77071943720914,1
-1.7490681490140116,1.0280361529095705,-1.8084897211727244,113.0,6.201674197132393,0.42768123353782456,19.470888,0.8020257949829102,6,0,127.13314911162156,51.10189979388142,0
0.1306337759974463,-0.29243391385092615,0.5052197957679327,99.0,8.381571963467565,0.39325172414905146,21.633814,0.7813317022825542,6,0,131.62119356698642,60.25607520014791,0
-2.1067373352290764,2.1689515901778043,-0.4551385823303202,86.0,5.7726436142503506,0.3696487436169072,19.657822,0.7809657642715856,6,0,116.12104364886422,54.19171777447921,1
0.30730854688302145,-0.6495211231472054,0.7337195221793006,76.0,6.433367546551064,0.8129242439019052,12.71081,0.8586190280161405,6,0,131.51433462001742,33.572133427170584,0
0.05064941047720491,1.206502170858661,-0.014172142810415947,44.0,8.513213525790881,0.7321884773279491,12.0844555,0.8363549521094874,6,0,129.75364015780883,50.36509789415338,0
-0.5879613290462903,0.7639562982710241,-0.2857693101318785,198.0,13.077328388138712,0.6898872366077021,18.154552,0.7049197366363124,9,1,71.79521041132489,95.37754164445684,0
0.246649439792337,-0.26354733816838194,-0.546712587868038,186.0,12.772571915393463,0.5838152749670876,17.311035,0.6346409188376533,7,0,62.28836362614215,69.68088473996296,0
0.1971414157954059,1.387747056903452,-0.4437947905945392,158.0,13.074621216887317,0.3860980962452136,22.7909,0.7635954869420905,7,0,77.8364801263361,62.33556085378813,0
-0.41553133843096274,-0.9200912708433464,-0.22448450374000484,191.0,21.461104852480396,0.39707470097039876,21.106651,0.7717535997691908,7,0,125.90803171430012,151.02873540835952,0
0.06551396267355572,0.4556861088073065,0.16631674811635608,184.0,21.475371359275236,0.4828267317069204,14.010327,0.825302171079736,7,0,133.2730997697077,139.47034354445992,0
0.35024094007305007,0.9783918489031075,-0.5872717879797429,143.0,7.030690199383008,0.5203961212384073,13.518755,0.8176959847149096,7,0,138.69265945441757,38.56807315199976,0
-1.4826007211976417,1.3509134932070932,-1.0171780714581524,126.0,6.3994109317035255,0.6136832033333025,13.6472645,0.8552254407029403,7,0,133.41471595575726,38.95142944292558,0
0.8396039889585492,-0.5589283107502497,1.0723613208833938,151.0,7.888512799625496,0.602896837811721,13.533946,0.8615726577608209,7,0,143.0187384199796,54.27464049998552,0
0.1830272587570918,1.2166286992090818,-0.4145922671595126,138.0,12.923278988719538,0.6579704410151431,13.205465,0.8494743014636793,7,0,136.4237655040189,63.49277623089221,0
0.3749666737974648,-0.17619627810508104,0.3971249057950923,117.0,8.047183650986616,0.3491407483816147,31.616037,0.6935949827495375,7,0,139.65831041793908,51.94370760578165,0
-0.26412257231083,0.13650899936045144,0.040442683371146,189.0,21.444263391251482,0.34342035180643987,27.093012,0.6180677539423892,7,0,105.06117312383182,98.1588626560082,0
-0.6236166404001614,-1.208600651109286,-0.4774250812846629,177.0,20.94957529149144,0.3536548841940729,28.667057,0.6202624251967982,7,0,133.59571919350708,131.80861147724968,0
-0.8557901679890583,2.0608833307432826,-0.6398111844112433,192.0,21.57028704804425,0.4006877149406232,24.308685,0.7195862374807659,7,0,118.66828007539831,104.5804867967844,0
-0.5649312830255312,0.5244009794327786,-0.7322001861348792,197.0,21.60017842167788,0.4241376370191574,19.817768,0.7626979256931105,7,0,133.96147309038608,119.8976788639454,0
-0.06710331469756776,0.06647903793977929,0.8621724090965454,188.0,21.215163264214297,0.4565531705555163,18.274132,0.7778472837648893,7,0,141.46391415573902,147.3409711093355,0
-0.41138026127084076,1.2194149725970311,0.30837589688544587,93.5,20.994403869378743,0.4650294419966246,17.068748,0.803682848026878,7,0,118.17559113131342,82.17495027969406,0
0.6132340248231601,1.1569968335752099,1.2009809614096627,167.0,13.377121233680535,0.43547820260650233,16.407248,0.796671798354701,9,1,63.1470310216415,93.50186179402615,0
1.4550044364450128,0.4325058783663211,0.1240707545506429,159.0,13.208152956668423,0.4550739385579762,29.979229,0.6662788987159729,7,1,66.99653756416497,81.46352903127556,0
-1.496944439534083,1.898529783709447,-1.0390344587950717,181.0,13.726273470452028,0.4107138726272081,35.178905,0.7432129257603696,9,1,63.02229397273627,98.2248131573424,0
-0.4838008196878979,0.9463194416735414,0.3055961764113921,196.0,21.369852721426316,0.4580172033686387,27.866652,0.7698107236310056,7,0,150.09430633305706,129.48464272656815,0
-0.504261780967693,0.8408491436593829,0.7808506742755338,194.0,21.64849640439852,0.4331264370366147,24.406038,0.7589143075441059,7,0,138.99782784876933,145.62450298624373,0
-0.8726586283329717,2.1663644307833465,-0.09500627868843182,190.0,21.565919355478954,0.4148853578065571,31.893084,0.6867472466669584,7,0,154.32072988107558,116.95252949870466,0
-0.7568092842697772,-0.7183832838412719,-1.1043458341149737,195.0,21.92134833167776,0.4205461089548312,37.636627,0.7114408800476476,7,0,147.4982377694177,130.10814075588866,0
-0.19960312171515468,0.6222419184556368,-0.25495917372180227,162.0,21.896853599268834,0.374560694945486,27.891897,0.6919284996233488,7,0,148.76786953604486,117.6603278008186,0
-0.6604637160422248,0.38078428532326625,-0.1047633390877459,174.0,17.32016264833545,0.4340475656484303,29.842726,0.763561957760861,7,0,64.38704004454192,85.85310107683173,0
-0.47985660509348144,0.6616915804241659,-0.4736065698860502,182.0,21.4031184841308,0.43566312915400457,33.907677,0.7525804764346072,7,0,75.3532328746849,107.84156681636254,0
-0.6878010488992627,-1.436264166318659,-1.4082044574041757,165.0,20.94862197857323,0.39793505323560613,21.19096,0.5517896586342862,7,0,66.89038244222927,122.13293884345158,0
0.37122884137757883,-0.0019812145740842023,-0.09516686787397902,114.0,10.700754200231442,0.4191569795734004,31.206114,0.7747930194202223,7,0,81.95065769783331,51.2111571814064,1
-0.3981491192211898,0.019640742715390697,0.5244331944435431,106.0,9.751549130665314,0.37603953402293355,32.330936,0.7876740882271215,7,0,89.4051182765235,46.644828231648496,1
1.588476391148792,-0.37049337197510956,-0.09859314841110772,60.0,3.6140451500993986,0.39182679433571665,27.895395,0.7763220573726454,7,0,117.53456356625558,10.75584470417245,0
0.4453244069755024,0.43101102584369655,-0.0593252897673175,118.5,3.948398693628656,0.38109585799668966,24.62457,0.7981686937181574,7,0,131.2484314123273,17.058754667758027,0
-0.7097741941492467,1.564934043329901,-0.2912236962427308,92.0,4.773793030530284,0.3747138616285826,31.138018,0.7691099863303336,7,0,81.20591362031324,34.57931517302811,0
-0.6602817346230763,0.6993821445494816,-0.07950036769004871,96.0,5.062962871969953,0.38861153470842463,22.441826,0.8036096252893147,7,0,103.59565570303198,28.454656607981647,1
-1.6073594660673525,0.6713016142254696,-0.18027299716706668,150.0,14.106609827850201,0.36106094168989283,24.223795,0.7573838484914679,9,1,42.64816316656253,90.8674959586508,0
-1.9196592672406085,1.2436172185049124,-1.6248846809961055,168.5,13.606699567155047,0.7218061560078671,16.822227,0.7915909321684587,9,1,42.19613110200434,111.83065241669196,0
-0.08401684256176571,0.3927558900057452,0.8615373232836396,111.0,13.795173920976145,0.6776431830305802,16.40084,0.662016445084622,9,1,46.21246045099745,102.00281985764995,0
0.4284230600994561,1.2401648666338387,0.06277298147757014,112.0,14.093403009316663,0.6393349233426546,14.274274,0.8238498223455328,8,1,29.86867038329189,108.55989275915849,0
1.339898552573057,0.8048559006687116,0.22083256655491734,98.0,13.76827376809143,0.7385402729636744,14.9968,0.8414823036444815,8,1,49.61730420415874,89.11527273357555,0
2.1086679306586986,0.8594353159576952,0.604181577793313,118.5,13.204079554528674,0.8204854601307919,13.155385,0.8471851537102147,8,0,64.06657555076006,71.120882559612,0
2.0820674460076964,0.49716887839409557,2.159383118740008,102.0,13.563625544133329,0.6394184514095909,14.671436,0.8338163557805514,8,0,49.64027772262398,81.62111560332843,0
0.32118336539009446,-0.38838540383439596,1.3043065275727341,93.5,13.881528484746765,0.6081182188109348,16.943493,0.7948352882736608,8,1,33.27347716997295,98.04227460135188,0
1.9344553563971458,-0.8720806788125215,0.7118709783615425,148.0,13.228335397721294,0.6741373899735903,13.816813,0.853284311921973,8,0,54.43441962371196,76.04138025349084,0
-0.6586066790850509,-0.5765518766600115,-2.308433382990163,123.5,14.003551483700127,0.54871204024867,12.544094,0.8036224089170757,8,0,40.55632196845453,89.8708719737805,0
