subject,ROI_2,ROI_4,ROI_5,ROI_6,ROI_7,ROI_8,ROI_9,ROI_10,ROI_11,ROI_12,ROI_13,ROI_14,ROI_16,ROI_18,ROI_19,ROI_20,ROI_21,ROI_22,ROI_23,ROI_24,ROI_25,ROI_26,ROI_27,ROI_28
sub-01MN,-0.12898669553637446,-0.03728009735084852,0.1267948848062886,0.0837400390269646,0.11625770323638428,-0.06248426867049152,0.012310553038494093,-0.013602131108204718,-0.022647183930388882,-0.003497591687078126,0.20859391714746264,-0.11125118535350424,-0.13214424713071357,-0.018536157804145467,0.12496761664261694,0.09049841454559851,0.08159803643711135,-0.13311193510981065,0.056832459668210024,-0.10220765327729577,-0.05550193184706972,-0.11821669520307247,-0.08732200510072177,-0.06513895149100139
sub-01PR,-0.06229566770762317,0.07480314434572696,0.1545812143577186,0.08957483391122005,0.09187023360570551,-0.03451713978768251,0.1844227217926053,0.12356314187788747,-0.025049917227600606,-0.1660780012185716,0.14266920936212887,0.05077716794463181,-0.05443590736979494,0.05441921321889773,0.16982188998529416,0.05316078667803251,0.013573910637458528,-0.05828986513714677,0.11389595669804929,0.09113372872797332,-0.026693384195443457,-0.1903441122842,-0.014393582969790849,0.05485105831425562
sub-02MJ,-0.08715326482628989,0.04847750674534079,0.06287767225257594,0.051726358228867834,0.10025882464460044,-0.10719842876121895,-0.022277250536832004,-0.05376513047138514,-0.06576423582615512,-0.0800497758939665,0.09958517157800831,0.04094785681934491,-0.059826975013593346,0.05428855781907909,0.12691532839670835,0.09116563108411128,0.10234587300535557,-0.09180229032044716,-0.0584707810546608,0.04069074765383646,0.015048276648572197,-0.08805075548493094,-0.015024360105647575,0.018276239305750938
sub-02ML,-0.42395623835921326,-0.19147266965860038,0.10398024399885843,0.028923363857777218,0.24866117599096987,0.06910411370154655,0.21531789268166512,0.2290223881441924,0.1055387513955781,-0.073720964268782,0.13248690014484207,-0.048217276932605656,-0.44217197761085014,-0.2012126322564716,0.11395484088722986,0.07417498730931404,0.21927414230622352,0.009085163467378534,0.15614838688246122,0.08265657759290676,0.09623824533683763,-0.10027151107172476,0.050261153385729646,-0.01960905623293141
sub-03MM,-0.3750394935180638,-0.13231615064566885,0.12644656033272808,0.008773327787907015,0.18969007366928559,0.043189900494312074,0.20540956625742451,0.25580051142146437,0.11883432758385032,-0.03795898358929321,0.1713732189780219,-0.09738778916412155,-0.3719394864969444,-0.11985962980661735,0.03623926297401303,-0.008144808552993798,0.14618839177487966,0.009807606793123222,0.27479317042686063,0.24628546088528416,0.12185964438567559,-0.06636430794844898,0.1030772311107881,-0.04788864095367294
sub-03WT,-0.06793880037062924,0.08113140459417793,0.07371187094503502,0.07221387973550702,0.17019338987480812,-0.014389187824452898,0.10352912569369152,-0.02098515748949235,-0.04334821776168717,-0.1507623212215109,-0.10224000620877151,-0.04917192549229769,0.08268283039782302,0.17652312993157293,0.15085254665296643,0.0866934112049763,0.03537781564633358,-0.10135955376288334,0.07549016030986154,-0.09052029356426407,0.022150941715978572,-0.1082404466367852,-0.1980828723500896,0.04527453069257369
sub-04DR,-0.16330485677247733,-0.06954089152663163,0.16961306201085596,-0.028935886635070362,0.10270750962682941,0.0034130172959764182,0.14936355138799057,0.18557051536895613,-0.040824272730012136,-0.0409281857443932,0.2353615860752724,0.037946363750715854,-0.19238611850264714,-0.03371293220319556,0.26303851983655807,0.03185841255809545,0.12293134844792282,-0.0071803043708848074,0.10111733758826542,0.07797858860302623,0.02074939227618559,-0.09121596118504692,0.15418875517077812,0.0916420881352573
sub-04OS,-0.24390429363541583,-0.05503882079799233,0.08650899017304822,0.06142019204497859,0.16221514710282242,0.03233132716197041,0.016616573634169903,0.08643702349759248,-0.0006656702780417022,-0.20738054000279027,0.11096745231075686,-0.15314099943130244,-0.23643862915707986,-0.05360800553852004,0.06597223969115916,0.07160034562100999,0.17935854185421998,0.019543887273228453,0.06063500085440166,0.04608263387661717,0.0498994605289493,-0.14609751813357108,0.02559131170715683,-0.08117825498997218
sub-05MG,-0.14391782125908353,0.011223616728765626,0.08137422180799925,0.012536250873405406,0.008107969992174174,-0.11375972866873796,-0.08161872780756038,-0.020547930551207395,0.050948687399374325,-0.141243116562896,-0.030060095974195903,-0.11138676225271243,-0.03728149741655606,0.06627340628744997,0.06461299495341434,-0.0042132860421807165,-0.11687694672862647,-0.21024880720361086,-0.15948537951778108,-0.14991642589676282,-0.06465739395734153,-0.2114746003375745,-0.22449966610544816,0.01982595585886577
sub-05SK,-0.12622952973202897,-0.0896860233616307,-0.0022062886068440805,0.0054080895652477,0.12332855717887548,-0.06413470568593188,-0.056716174117451786,0.03305799435938807,-0.06569389720482613,-0.18398000726452135,0.03060730752642865,-0.11997110502231222,-0.09621396351933485,-0.030804050071519457,0.008698951117134058,0.014540881491705373,0.09015305919162897,-0.03499351030793842,-0.053295022888015894,-0.013638151868449322,-0.024893924724325514,-0.17853498370266446,-0.11077816767480841,-0.12338185456857573
sub-06MG,-0.06859527906886356,-0.032731013671912355,0.0678124001629546,0.02403272523420473,0.04969063831377002,-0.010022872169441229,-0.007260681411851273,0.002991764371106445,0.00752705026183507,-0.04451394846804235,0.06815662690513836,-0.08530112787754933,-0.007569154640292431,0.030532310292414058,0.018031142552789755,0.07703963291763831,0.06451475552955252,-0.08541469526889275,0.026786300929206253,-0.02001476970776121,-0.07092907232682524,-0.1897109218727364,-0.1777549990183538,-0.05997101202229371
sub-06MZ,-0.13276091861811185,-0.03343274337917651,0.03315207111360261,0.07321978907348427,0.14950257220138685,-0.09004779819966627,0.08608356225558302,-0.04201568007999927,-0.08188011926135272,-0.0794553652949056,-0.12017539536084584,-0.051400127426246514,-0.15338442717251136,-0.07819426190966386,0.004592534796007549,0.10753521178460639,0.09633656036760517,-0.10992213951672981,0.005725613069114784,-0.0022563653421095826,0.03134183086837059,-0.10817559785898216,-0.18092313169517873,0.01258992245842172
sub-07DK,-0.21883586314034692,-0.07230106066079135,0.14891307879961507,0.10526441230086245,0.2643227176817535,0.10949561879579839,0.18689515889480163,0.19457072259607214,0.0835479664107684,-0.024135621536712216,-0.07056361688107923,-0.101264691645015,-0.11791124626154405,-0.05038862292079471,0.0641151270655688,0.10913346847104272,0.2046655332401783,0.06739004264954966,0.21913571907736443,0.12162797709788734,0.1472655074175309,0.014822863366828695,-0.04964202137919062,0.015000581687937768
sub-07MZ,-0.31551379296430127,-0.1445353434254853,-0.006056989683311366,-0.047937596690754064,0.09793592350441108,-0.05367199274527788,0.1015878445090948,0.057798164714904524,-0.04988769639559327,-0.1878742384750524,0.08586521388219896,-0.1780492182967777,-0.3077526846617415,-0.14872127134155042,0.021212566857631402,0.019861549139009855,0.17575190993468423,-0.022754742485689556,0.0771001959702088,0.12862626807811597,0.04332792525643664,-0.12139093687695493,-0.016550657929012103,-0.1262124883361402
sub-08BS,-0.2969368492264427,-0.03853990002292417,0.11436145458824275,0.051175734322334625,0.13695047738858163,-0.05697186120772382,0.0032034701039074377,-0.09077399337400391,0.010153982216268299,0.01666010174094213,-0.2078496647351084,-0.1228824975384972,-0.300949662126943,-0.07089294080787677,0.05850994135245096,-0.007281647971296242,0.06619490257991843,-0.12290079233873771,0.026908151296317066,-0.1030274141896519,-0.017749338357114487,-0.02350901821433843,-0.16082114701987157,-0.07617891382619349
sub-08JK,-0.17359816752289622,-0.013730788711956494,0.24673927768911877,0.0806071012534258,0.19816691914463042,0.04734296802769589,0.07624634793655176,0.08183935172568096,0.06032557273806672,-0.054457084660890706,-0.1535301489321604,-0.1122773840247572,-0.19162873406968534,0.05248019111176781,0.22630800041863328,0.04127033309137613,0.13702082530904544,-0.010624265466102387,0.14828785588355237,0.03175624283733102,0.05706971668816512,-0.09894741374424273,-0.19869822578483198,-0.02500486698522177
sub-09AS,-0.21815179851459782,-0.12926553456383927,0.026101384073760232,-0.0668558498076464,0.09125417361780118,-0.057350954490220256,0.09813250046053976,0.06038024269318617,-0.08546235651221817,-0.06607482958815195,0.14406379636511485,-0.021311553016000448,-0.20147942786389034,-0.061621531598174906,0.13361351142406444,-0.03765775043396183,0.01250543456495404,-0.1521872201099104,0.05509618791761645,-0.030768379873400444,-0.0996660250413203,-0.1091136897308468,-0.027984895656081327,0.03877444009772232
sub-09PS,-0.08576959413574263,-0.015533403340500967,0.1540639591223139,0.10375359696576315,0.10366306282911913,-0.12916109016211577,-0.01736646395168692,-0.0039585268056784055,0.05863184142676334,-0.01573388665677909,-0.043127526288938636,-0.03255153527397362,-0.06697388632679063,0.07325134931048709,0.08111282985849227,0.1056015815890737,0.07458362546458337,-0.14486662665295244,0.003157020019445402,-0.058652407390446214,0.07534084737373523,-0.07608216030877081,-0.17030531199114987,0.05696251968446851
sub-10MB,-0.39009873670607537,-0.22608164721017907,0.016847878546213772,-0.10049284585292093,0.024251580328611817,-0.0303282091076622,0.11602186609974861,0.10372701660064836,-0.04311563923331227,-0.07658244710934112,0.1041074372194742,-0.09080478203815377,-0.23439095141402047,-0.06870913853762223,0.11228301892940414,-0.023321158952498183,-0.022420404031437597,-0.14080844300184342,0.113864283033511,-0.038435968059449335,-0.08367016170267623,-0.13663387469559338,-0.08118529536830416,-0.02115429927949812
sub-10MG,-0.2656081677477562,-0.14206116632720847,0.02247956856283088,-0.038594522147505604,0.10802665945867902,0.05532414908106694,-0.0015475691146228103,0.10874589035290891,0.05007727324717913,-0.007001749818723092,0.16243530054404196,-0.05213280035566552,-0.21503715149117497,-0.0967043255972734,-0.00014502870667207219,-0.04473954044284671,0.029457825659955084,-0.009119349959532098,0.09855539476320681,0.11231653028375885,0.02467205425768356,-0.06205826030092122,0.06309330118910346,-0.019407848201331738
sub-11ML,0.1395987237963883,0.08902271609031945,0.16185863993810495,0.14187417214235454,0.11617609201162069,-0.07754080954643242,0.09009141894039446,-0.09171480716636284,-0.035631635433658285,-0.22361539101488787,-0.13284822884041103,-0.07775091190726455,0.11166020779528343,0.0706479512438621,0.09667446886532348,0.08761613223199226,0.037350167761626384,-0.05700944032297198,0.07890781450564903,0.0372378998306404,-0.038542465480399704,-0.20305795081035002,-0.22724521638470718,-0.028719055796126963
sub-11MT,-0.23330802589581973,-0.12762372501514113,0.06456050528200523,0.03958602994869228,0.10523204520551635,0.07095075316015194,0.08117602424872408,0.16699171955370995,0.12308738272274602,-0.04738796238316737,0.08650894026989904,-0.10974547305637825,-0.08787459085310809,0.16606678100546204,0.08253191823488167,0.04698917624434034,-0.11234927629548526,-0.0071082453302941375,-0.03897259995210999,0.09507443728620239,0.006151914105343511,-0.11519708106563396,-0.008664678367362942,0.056705827623132435
sub-12AJ,0.058161152569717635,0.14683527531592797,0.09608705263555029,0.18813217669574542,0.14586012793447709,-0.1342137430524443,-0.007960013322876951,-0.01422821183367879,-0.07297641711040342,-0.26410271251469597,-0.032085633333724294,-0.10589540449419889,0.035312390057131035,0.05102553397734826,-0.04954643252449007,0.10134990498116833,0.07432823810815355,-0.10505007040659617,-0.013807478259785693,-0.08951264982290952,-0.024231153681079812,-0.12506124682121225,-0.1606869909662413,-0.14173983317055666
sub-12HG,0.06913773038208311,0.16758850569509773,0.15899441604265002,0.12179969602512769,0.11087265564378979,-0.08926897154193102,0.09119419901010942,0.04472677173073872,0.06935668077585413,-0.11651787127235927,-0.019946681317863577,0.01644122669639887,0.14670925579992264,0.24677834196078458,0.21561118850905858,0.12683970948837955,-0.010806143644469997,-0.18552246266616698,0.10395356064928998,-0.10121413501133306,-0.04992402670006654,-0.24988723569363713,-0.2842977990800356,0.022488519782480485
sub-13DA,-0.0634736537458942,-0.024900107577108005,0.15880778386785455,0.04810721903187749,0.013540944388397322,-0.014289543493163451,-0.10720246740342754,-0.02369578386487527,-0.12199727758554009,-0.12219176921035395,-0.049050049696424396,-0.10276535244869571,0.02198962570867266,0.10846352053887992,0.2675513199214413,0.09568936813774227,0.0723181194345712,-0.03858811025806311,-0.10880319036496146,-0.0641668955603125,-0.11089795042972052,-0.19007194185508808,-0.16614582046934542,-0.04590228521409223
sub-13KM,-0.24234501541822379,-0.14693178761399847,0.11952961426145477,-0.072075051084067,0.14624323412765278,0.051825885632865706,0.10115150728918997,0.1536463695394326,-0.0369047202250285,-0.09369238379850826,0.10359710129011065,-0.03202017107013112,-0.20327807797412648,-0.10044357301888832,0.2754371155285715,-0.07078990356572136,0.019165092469233067,0.03084401284485042,0.13560077109010688,0.06775726054466791,-0.0887329136854762,-0.10337133846526947,0.04032283977731399,0.006897950474226186
sub-14KN,-0.16747060273504705,-0.025413158774214566,0.10530012800121089,0.14889911871683364,0.14871262850856648,0.0057328276774764805,-0.07435343460338856,0.021188334522790633,0.06991441886965596,-0.06792337752158134,-0.09755527160896192,-0.06198209754426245,-0.10221219126240239,-0.020857873875194468,0.21621805683890047,0.09412568764500961,0.10364283124981254,-0.04722805199380493,0.04233651893226621,-0.01115234959376108,0.008180736121313195,-0.06609263817414769,-0.1310341789404444,-0.07371761938520252
sub-14KS,-0.20874065800286803,-0.08501159790889633,0.08842777603531758,0.053609861417197466,0.2133703570710448,0.05694249123618599,0.15543677658195587,0.1669050345808158,0.1403721672125121,-0.012886965689822224,0.07088222126558714,0.053065964330433035,-0.1495564347371174,-0.03205814184308135,0.08077988315107594,0.09285663241956774,0.2005227789327105,0.048423353745390335,0.19367008639543393,0.042188454195567646,0.10196889995224974,-0.0656125009693367,-0.021519954350533933,0.1007062552732275
sub-15DO,0.19511986420215818,0.2298795124036355,0.14127666566153366,0.1862437440071175,0.08796000395786893,-0.08415965170943031,0.015143114976394005,0.014306698928246037,-0.03139777756985568,-0.13995623811908492,-0.010532610129760537,-0.07271841529721133,0.19327727527641603,0.20917955555553647,0.18212213097564528,0.1492270779305319,0.06429456268300875,-0.12266890853857225,-0.08509549713123274,-0.09104904105262862,-0.029080948365753773,-0.18011086957755884,-0.1999286105038543,0.009481385950424923
sub-15WS,0.05112269492922811,0.08735799385399497,0.09543596679208413,0.09162798287304988,0.10319590516670281,-0.11767762029651012,0.13613245098833027,0.007811156163507679,-0.10790650680597023,-0.2618056925229989,0.06118371740831956,0.15940419290582464,0.11608511269612003,0.11101920344914049,-0.0026886551757703903,0.09443118161963178,0.10885833175567419,-0.184001528478762,0.01645655849172154,-0.15253529987621442,-0.24107345733931956,-0.313448946242489,-0.1888948614014287,0.12779126185001657
sub-16JJ,-0.08684401101795293,-0.02554049285575987,-0.03900801524810794,0.01467236006512876,0.0747810536376761,-0.1708682627801633,0.08355822370393587,-0.0857047235350642,-0.15686883993175513,-0.3294292616417235,-0.050852677776286194,-0.04126541118011958,-0.030284215311170298,-0.025142169475748516,-0.07190999406591098,0.0314641686038924,0.003663861077321144,-0.27124804537020886,-0.09618162230853569,-0.2487970859961546,-0.29176884299741535,-0.43899756320708455,-0.3125838933084634,0.0007728661555045391
sub-17MF,0.10594595723462506,0.17314740468380044,0.08357666737734767,0.18058059537784957,0.1262875903150843,-0.08499030015017259,-0.02524026551611273,-0.07393123824785659,0.03504408338977003,-0.03647518530271746,0.02599232494273196,-0.012521510786742067,0.05008738567451386,0.1085820966954544,0.15845201541038526,0.061699842761302325,0.03648812743616437,-0.09165342646263797,-0.034244041647692486,-0.034111138804975856,-0.040616195392136734,-0.05449393485944868,-0.0977527255606946,-0.010171358163379506
sub-18KC,-0.23144278372196977,-0.08537021132007157,0.021882965500968042,-0.017912073342163565,0.08139636840717974,0.05043861290113643,0.19272891569065798,0.1692900609382159,0.0031207785921383464,-0.07249958870144693,-0.02973604285544487,-0.029284171979881365,-0.3317119910414487,-0.07513816018482701,-0.0359387150096012,-0.06465960725560854,0.049693359354028487,-0.012028003719731449,0.27491354602817136,0.16365142678182187,0.06001320273382401,-0.059384412152321084,-0.04966645794435894,-0.001204737354091296
sub-19MS,-0.04381253001869679,0.0689841545320489,0.1515573231671227,0.17004403970970713,0.18605829761129689,-0.11246460489931812,0.004855598235714196,-0.008787915385549693,-0.06579402248096346,-0.19759493372549575,-0.07998674499318958,-0.07778680885197602,0.039466684707810805,0.16915785753585738,0.1391786889513445,0.14263675127643258,0.08411534965460397,-0.09814104351888814,0.07480602819621106,0.03223525585781334,0.02949228493964754,-0.08602347868366383,-0.09156055443280935,0.09185987569117965
sub-20JR,-0.15011924795377551,0.058644506231881055,0.17746332775012835,0.1638971352390692,0.22099301327863358,0.0036661730209805237,0.05174307460842968,0.05768081731328978,0.051292310431955875,-0.1115456570000478,-0.16618392178665,-0.018124672489668935,-0.08951824807177396,0.10381829266364026,0.1352406649684783,0.18530088959525293,0.1993197406759008,-0.03491262003970774,0.09792372035214743,-0.041232643898002824,0.0799916279458938,-0.1685237987913574,-0.2993579474812111,-0.020423911170823813
sub-21MB,0.02933913666526357,-0.05231071150621854,0.07969809376462919,0.06417480887600976,0.04944942768896143,-0.03793845116828799,0.12835478319666693,-0.0033286206748563084,-0.030044996508579613,0.14240937560841713,0.07178005586497997,0.018761586634649583,0.03486127278813974,-0.030648709234628996,0.11443712986057847,0.02345683783992288,-0.047751056799743875,-0.08545716167934532,0.04180642037691264,-0.021538182915107035,-0.09308856387453941,0.056547020475429886,0.09777927914854645,0.03057353371159048
sub-22MO,-0.12778879335510054,0.06215583529184074,0.1484682311190167,0.13795981283834005,0.18291765629669912,-0.06533372244949791,-0.023600937812044902,0.06494096341836879,0.0610992603641441,-0.1413224744058144,0.014427178711856432,-0.060735665337536854,-0.08082223038340049,0.02506175654525876,0.11751235400112678,0.10541418113775998,0.14724136968633023,-0.10356896814999936,0.07617834517187265,0.01983186758814479,0.09110602921979224,-0.13747660113995971,-0.07376383998888214,-0.03196783429848742
sub-23ZS,-0.07229385443745728,0.021465713101284735,0.12802641303932902,0.1036560251052381,0.07239887255017674,-0.03245434082769815,0.012120029857050312,0.04081805985189428,-0.0067269905983560075,-0.10179783619353502,-0.29549383044381566,-0.0005654472850114203,-0.08217384333872453,-0.040245076834785926,0.030330531710704333,0.08009942227148689,0.10860335760451374,-0.04122039342532539,0.06293431801306414,0.0568305362220307,0.12026909406030081,-0.04317314340056075,-0.22469392804583163,0.011202905398863388
sub-24JK,0.12737219623748255,0.17740833392810215,0.13750045294071395,0.2009555897439818,0.059221071089975666,-0.18401177628861975,-0.05686808271104967,-0.0810105246785587,-0.03387615496941756,-0.2484793832542144,-0.07756201998264806,0.035458342088616014,0.0707583686688204,0.1737167184526243,0.15223443221230815,0.14844823278821884,0.05069908052977312,-0.07829155092635337,-0.05871992385970656,-0.031332935970819875,0.16120704389893356,-0.11248752119427118,-0.14988312903028914,0.1398759521748778
sub-25DZ,-0.1874940570841108,-0.057005053203462705,0.08248404854057288,0.07279572490398029,0.09838559280083978,-0.02426241595857615,0.11975301208121598,0.15114120699866515,0.14249341080623812,-0.04967781983407734,0.07484376393460868,-0.10706963196656338,-0.11546081643935142,0.034430897655122805,0.0401487412566571,0.07565749243639576,0.09031724008646216,-0.04511940488031945,0.1401450479821079,0.10691474207625976,0.14083604856399282,-0.0790359865127697,-0.07968337587066651,-0.028298061906067245
sub-26NH,-0.047918139447519485,0.05888388781524267,0.1614454280334719,0.08781894802463698,0.1577717203162233,-0.01789180369876171,0.1739740954296933,0.15123325599194856,0.09045608691175044,-0.004937269596144813,-0.042751128446741754,-0.04218846659658256,-0.02429021278260314,0.10231471740289204,0.07403132938730812,0.11344273166315609,0.12628345507607372,-0.04264334304451044,0.2052815192748442,0.11475408197016175,0.14557900819254901,-0.06600124911290144,-0.1058140226333998,-0.0033868016757304686
sub-27TW,0.06385907454088248,0.16854888083745953,0.20224303513826386,0.17968781025961506,0.048899310737070864,-0.11820471122750456,0.01648277543380364,-0.03113391947018752,-0.017538560039038028,-0.16656835955439936,0.1876975646076931,0.04457837299870211,0.139390494236086,0.152146126939585,0.051709369688606614,0.13519297686622622,0.024972273806929596,-0.10023725935290559,0.036389850339220556,-0.14899558323492487,-0.0632509174244141,-0.14123092838411752,-0.1241513857355652,0.07636861525138994
sub-28MW,-0.06511052497457442,0.130261580458076,0.17507298766452387,0.10164084435433457,0.09478961377313135,-0.10348035129024905,0.019093254309075117,-0.04398959120726483,-0.020552788748257552,-0.13556161844655412,-0.06834319849490338,0.053350811381145447,0.0411706949443539,0.23373306443151773,0.2525833594052527,0.13174641217811373,-0.0002664115793753433,-0.1789566993021004,-0.07073858848190763,-0.12675208355078693,-0.18393472180390785,-0.2916125166712438,-0.2236523881257687,0.037162223349152194
sub-29JJ,-0.00891936319792451,0.12879655823929714,0.21230872776502333,0.15670750156844243,0.12735457347012757,-0.012099735358211896,0.20948886834660765,0.1269923641692647,0.07284518156481762,-0.05668437223571079,-0.07479184030232751,-0.03302430580514721,-0.02365181978479939,0.09509201367084515,0.1061377603425617,0.115790834323809,0.1507337825226977,-0.012246702719315801,0.1169766979329358,0.05244607974938629,0.07431331326093632,-0.07799641874416609,-0.17405153155787023,0.0206966247668903
sub-30AP,-0.2966529773090732,-0.20503118618841334,0.10000642114727096,-0.026095321275939325,0.1764816083760147,0.028534213276774443,0.12045229925428791,0.10203590006894857,-0.05555464603920343,-0.09596502164447877,0.08863310338230489,-0.1583743856772451,-0.21715506456346031,-0.09005724122397728,0.055866528707729665,0.0011971674057519321,0.015363179247116093,-0.0599153121825174,0.02591463828828182,0.018650438359448313,-0.007807428644078379,-0.08353565015345038,0.04673228631689882,-0.033001802183468695
sub-31MC,0.06921286968773284,0.16488634117661413,0.2817269419888321,0.20537551082646424,0.15403564514269835,0.02805976454182703,0.07580219662085505,0.009348089348209132,0.11074876102040776,-0.011366172597712382,-0.09746017255705292,0.057776239867403864,0.10994061657968529,0.17146869648349988,0.20594324601896705,0.17382328774388076,0.16214149589837756,-0.006181929970283387,0.11690065361146626,0.0422788421841157,0.1275478112152275,-0.00016216086903498024,-0.1138452310238905,0.10201742874633626
sub-32PS,-0.18157175529658084,-0.0013934356295610916,0.1256165765144876,0.11975576673802565,0.121251536285399,0.025521569362906234,0.1568349309476429,0.029001055110905005,-0.02105266341477377,-0.08840545448509161,-0.21620894006246036,-0.00019769414468551066,-0.14185050111610098,-0.01428595878143368,0.07248551172429782,0.034602622900976765,0.05651308603006521,-0.010107809547695133,0.15201234054270327,-0.028271007821745176,0.007764795866228559,-0.0026919515877967407,-0.1070503601272792,0.05276061748491797
sub-33TK,-0.059515704958290006,-0.00552523804207864,0.10896765312127132,0.06970809057667265,0.10545351220930611,-0.03895386236566283,-0.006502347316640599,0.03509281374249671,0.05917327133428653,-0.03336382739544344,-0.021506671436222802,-0.09792554875617042,-0.11170152478419319,-0.005919864173717432,0.05544401779654979,0.016444541604147357,0.06358036941306051,-0.06197803002196236,-0.0582357588481475,0.02473143072862171,0.03879111782501499,-0.06406946356991837,-0.0647470249792841,-0.06305516076343677
sub-K01MM,-0.24166733784870817,-0.10723336132429666,-0.01519087042408163,0.030836030757314538,0.08266399298217683,-0.12287470610991033,-0.0038960887814150536,-0.04545246843664502,-0.05909578735718636,-0.24686849222634843,-0.023625557938547547,-0.13114829169989375,-0.28281365670939784,-0.10795906763637693,-0.08269564044820997,-0.08153890790814196,-0.07993319490008363,-0.1459117343406643,0.021171159819218494,-0.04373110464998538,-0.06349869832247365,-0.19020630430799126,-0.06341230445847441,-0.10654360626957639
sub-K02MP,-0.05306109682150453,-0.1789300625044956,-0.030315995015728372,-0.1420698098584092,-0.15357905261907728,0.007990312583224806,-0.18022353578007644,-0.050673589053202815,-0.12771537489399085,0.02021517162657142,0.1463064811557124,-0.04788363687400851,-0.04672269889923343,-0.19746028500691018,-0.0751225225721003,-0.21037819231609212,-0.22663366071170818,-0.009041010123894936,-0.07957146071629642,0.04514104905578835,-0.07695301781406552,0.07805065894890953,0.2844471456543138,-0.0018015069921631986
sub-K03LS,0.06610900820450873,0.193855428340536,0.12606959595819614,0.15199326005521163,0.11645772210425186,-0.12904510062232422,-0.03659621000833475,-0.05989670758038431,0.00025828317570667707,-0.13811468785104306,-0.01869344312603042,-0.05233383314981608,0.018450745126474617,0.08532973298031987,0.144731830008365,0.007965845611967799,-0.031630670798788785,-0.16842141847948586,0.006650065297379505,-0.06598923004610342,-0.08560730869030511,-0.10812890054565119,-0.14922821378226114,-0.032259871643480036
sub-K04ES,-0.06539560029075209,-0.02703199522097786,0.002182023096608517,0.09308740261172582,0.14081545307808804,-0.0862753289592303,0.06653212242973941,0.035475991324547845,-0.0036475117893453907,-0.09774674422420385,0.0680285467951242,-0.07532205790763762,0.030057234535244375,0.053437268985672554,0.028423585774262967,0.07764360031208697,0.1011480383119843,-0.16696857105184124,0.08704892115547577,-0.08776018822441152,-0.07398359763697514,-0.16097310749782553,-0.16746880634916902,-0.03043668109284688
sub-K06KB,0.14090572855353134,0.21495423627438917,0.19917476272160098,0.10364411688137182,0.09614858639518746,-0.14164170974684806,0.013456195290109848,0.04738787237057719,-0.03830737507040867,-0.17598954084609753,-0.1453580358466806,0.050069894295579835,0.12389752744853029,0.2462762127033908,0.15661789255523392,-0.0004835859790277083,-0.0769132577367877,-0.23027019932164736,0.10745350766785669,-0.13815253635460426,-0.1901698051293644,-0.30053652270501297,-0.29660847577968724,0.10771441493795392
sub-K07KB,-0.2577691407636463,-0.14643722750742727,-0.05150029796128118,-0.08860854303994381,0.08164099133970222,0.009845575250143308,0.13167285804021753,0.06550640576374156,-0.041199187120283136,-0.06804638619535079,0.03537678629378212,-0.058015999996947246,-0.22326062537424338,-0.07922317737026234,-0.025008290400141495,-0.04396743810440266,0.013989902871213303,-0.09294495721605518,0.06368686635216803,-0.032565200508797354,-0.012682446328760224,-0.042089311319689474,0.005463666088118793,0.03185432333775044
sub-K08MP,-0.30629024941289007,-0.08969269498525975,-0.05258229962366001,0.02280360856330857,0.15161876267497665,-0.07151969923831068,0.0804292436283337,-0.06623409532878559,-0.0888337517897922,-0.1029549735405049,-0.10289617289499274,-0.13151892080711244,-0.2776509623340575,-0.11131610564301321,0.0010628771341613628,0.029541898648423038,0.07785785467248829,-0.06549382783286772,0.032964435637829706,-0.09365114160953163,-0.09861482526794048,-0.17744814305028156,-0.17929124943125258,-0.18392917100526326
sub-K09JH,0.18802607069161104,0.2736496588246196,0.3046253851296175,0.25010035281909315,0.19566742642694118,-0.07981842584259762,0.039338247374093104,-0.12840655102356155,-0.033942270189173965,-0.20262681295121268,-0.10423130409344222,-0.08244272558212731,0.3410141272417465,0.3597257070664883,0.23206383253931534,0.20427809361133065,0.1213319043146904,-0.12047592349460938,0.014261803805376646,-0.21590896594689618,0.055980267302683115,-0.12950726315049182,-0.2467799992786261,0.024452875522164148
sub-K10ED,-0.30366234336328674,-0.154036449773016,-0.054802816485123605,-0.10659344959807023,0.07355200880975832,0.009482179954721746,0.14899393996188662,0.15010875712655347,-0.041895326420042234,-0.1177175415694394,-0.028878133744957568,-0.10161183701264143,-0.3254613457446393,-0.14200027859134465,0.13240747703995975,-0.11497387595801123,0.02277979905816892,0.08292925495557368,0.0637167870899736,0.17271926675906768,-0.09066895474619732,-0.0946473835668392,0.04438481283319056,-0.039244932230907636
sub-K11SLW,0.007245432550179376,0.13648158149710465,0.10554377028948372,0.13961349189086023,0.09400298491319618,-0.11260296460330617,-0.08847137285830259,-0.016332663833316212,-0.0035762448894467564,-0.2020916836207914,-0.01897595984075561,-0.01215615687504995,0.06841996788604601,0.18259600668313447,0.1241692302684437,0.15061533605646982,0.04208025252845709,-0.17678115843480421,-0.1203205966761193,-0.18587037361646194,-0.036709714904422985,-0.26218168525944924,-0.26227841843276495,0.041598621792519955
sub-K12JW,-0.31625643184202684,-0.28340534512050697,0.019939416439016994,-0.13473767533735562,0.09728242058304189,-0.004612671143310137,0.19757779258121647,0.11613472127268618,-0.12668214175410736,0.0238115227049243,0.19233503494605955,-0.07093268682546693,-0.3276451008356018,-0.17534823171242286,0.18186528276924868,-0.05144331097664092,0.1866543389012118,0.01889165731893334,0.21728130046859492,0.07263892858556432,-0.08173043189871457,-0.006594925324294569,0.17592557869909844,-0.04017083867656383
sub-K13WR,-0.16198093021619556,-0.01260524778021741,0.08287696592881498,0.09787498610002952,0.10058807282668908,-0.09360031538304883,0.0012531479807030615,0.04039436200009395,0.0607920505784556,-0.13844700075936292,0.17645659808533481,0.03556370585223913,-0.26560604077128835,-0.06253873432286346,0.09808132991102199,0.01667722230834638,0.022833771364773787,-0.015379870559402804,0.1097364067438612,0.05787280563056006,0.04401209218738919,-0.08603353769802896,0.13663071751352218,0.07403429793026912
sub-K14MZ,-0.06878240729844654,-0.043715929967631746,0.04969646116018976,0.039577517853740696,0.10661764852831665,-0.11234090489026645,-0.042090077126542745,-0.09927651438840669,-0.18331955647254952,-0.1192575915879323,0.0012359371771814513,-0.12401855849883935,-0.0428564365045586,0.02227061117879789,0.1089517829627526,0.0849363404164516,0.01583976566497095,-0.2343845607111353,-0.08680407980300003,-0.16464574664877898,-0.18685005882535888,-0.2223748067701652,-0.1984687667918818,-0.08821382731029632
sub-K15RF,-0.03066915759474025,0.05056810944405158,0.21850895867259768,0.17790498584574418,0.1726519294182312,-0.08989014513287699,0.1297174105789125,0.04879431810376504,0.04864169061986153,-0.148189632746766,-0.16040178997419385,-0.038468505052621,0.017188632535526598,0.054880963207963776,0.06049418672935675,0.19090165202005935,0.1481953096694567,-0.1310523318326168,0.1009545033876637,-0.06719240218573426,0.06936687623610183,-0.23113248541981585,-0.2232284377968417,0.05758118624375028
