1-THALAMUS,2-AV,4-VA,5-VLa,6-VLP,7-VPL,8-Pul,9-LGN,10-MGN,11-CM,12-MD-Pf,13-Hb,14-MTT,26-Acc,27-Cau,28-Cla,29-GPe,30-GPi,31-Put,32-RN,33-GP,34-Amy,Code,Gender,Age,Year of birth,Handiness,Knowledge of Polish Sign Language (1-none; 2-basic; 3-regular; 4-good; 5-fluent),Deaf or hard of hearing,Precise hearing loss (dB), Hearing loss (dB) in official scale,Cause of deafness,Hearing aids,"If you wore a hearing aid, when and for how long",Who teach you PSL (PJM),Notes,subject,group,hemi,IC,SC,SOC
6164.0,0.027741726151849447,0.0627839065541856,0.015412070084360805,0.1400064892926671,0.05986372485399091,0.2462686567164179,0.019792342634652824,0.010707332900713823,0.018332251784555484,0.11129136924075275,0.0037313432835820895,0.007624918883841661,0.1364373783257625,0.7079818299805322,0.17342634652822841,0.06765087605451006,0.04299156391953277,0.9068786502271252,0.04445165476963011,0.1317326411421155,498.0,01MN,M,34,1981.0,left,4.0,deaf,don't know,90- 119 dB (deep loss),deaf since birth,yes,,friends,,sub-01MN,Deaf,left,31.748776679150662,48.848818433368706,12.399420641268504
6512.0,0.020116707616707617,0.06342137592137592,0.01765970515970516,0.15955159705159705,0.042997542997543,0.2215909090909091,0.020884520884520884,0.00998157248157248,0.015049140049140049,0.11824324324324324,0.003992628992628993,0.008445945945945946,0.11931818181818182,0.6841216216216216,0.1636977886977887,0.06649262899262899,0.040847665847665846,0.871007371007371,0.042997542997543,0.1266891891891892,545.0,01MN,M,34,1981.0,left,4.0,deaf,don't know,90- 119 dB (deep loss),deaf since birth,yes,,friends,,sub-01MN,Deaf,right,31.93464041205627,40.402157176065934,10.29397659636014
4707.0,0.021244954323348206,0.055449330783938815,0.017420862545145528,0.13426811132356065,0.05821117484597408,0.26195028680688337,0.02591884427448481,0.012746972594008922,0.022307202039515615,0.11408540471637986,0.004248990864669641,0.0082855321861058,0.12938177182919056,0.8423624389207564,0.2011897174421075,0.08901635861482898,0.05183768854896962,1.1614616528574464,0.05289993626513703,0.16443594646271512,356.0,01PR,F,30,1984.0,right,5.0,deaf,90,90- 119 dB (deep loss),genetic (deafness in close family),yes,pre-school age,parents,,sub-01PR,Deaf,left,39.816182599369725,42.32028804915818,9.833912568273377
4978.0,0.020490156689433506,0.0678987545198875,0.016070711128967456,0.15849738850944153,0.05383688228204098,0.23784652470871837,0.022699879469666534,0.012655685014061873,0.022900763358778626,0.10767376456408197,0.004620329449578144,0.006830052229811169,0.10867818400964242,0.8175974286862193,0.17296102852551226,0.07894736842105263,0.043993571715548414,1.0803535556448374,0.0532342306147047,0.14604258738449177,367.0,01PR,F,30,1984.0,right,5.0,deaf,90,90- 119 dB (deep loss),genetic (deafness in close family),yes,pre-school age,parents,,sub-01PR,Deaf,right,30.600707570463875,33.02040780393065,12.109392664519017
6570.0,0.02009132420091324,0.05266362252663623,0.015525114155251141,0.13789954337899543,0.07229832572298325,0.25098934550989344,0.01598173515981735,0.00989345509893455,0.02359208523592085,0.12754946727549468,0.0035007610350076103,0.00852359208523592,0.13120243531202436,0.7156773211567732,0.1567732115677321,0.07351598173515982,0.04337899543378995,0.8797564687975646,0.052054794520547946,0.1415525114155251,555.0,02MJ,M,27,1987.0,right,5.0,deaf,90,90- 119 dB (deep loss),hypoxia from birth,yes,1 yesr,friends,,sub-02MJ,Deaf,left,31.909628788840433,53.00627649919058,13.638806645474997
6733.0,0.02212980840635675,0.05465617109757909,0.015149264815089856,0.13916530521312936,0.05643843754641319,0.2566463686321105,0.013961087182533789,0.010099509876726571,0.01782266448834101,0.1252042180305956,0.003267488489529185,0.007574632407544928,0.11465914154166047,0.6842417941482252,0.15312639239566314,0.07010248032080796,0.039506906282489235,0.8716768156839447,0.05049754938363285,0.1308480617852369,585.0,02MJ,M,27,1987.0,right,5.0,deaf,90,90- 119 dB (deep loss),hypoxia from birth,yes,1 yesr,friends,,sub-02MJ,Deaf,right,34.081098456343476,42.21182468072297,7.7044171610411105
5629.0,0.011724995558713803,0.04121513590335761,0.015810978859477704,0.12844199680227394,0.05258482856635282,0.2710961094332919,0.02575945993959851,0.011192041215135904,0.026114762835317107,0.13483744892520874,0.004441286196482501,0.006395452122934802,0.12684313377154025,0.7370758571682359,0.17072304139278735,0.08171966601527803,0.04654467933913661,1.0548942973885238,0.05134126843133772,0.15562266832474686,434.0,02ML,M,25,1992.0,right,5.0,deaf,100,90- 119 dB (deep loss),genetic defect,yes,from birth,parents,,sub-02ML,Deaf,left,29.409515918844342,34.269075623933695,13.856940963807748
5890.0,0.01935483870967742,0.048896434634974534,0.013073005093378607,0.15195246179966043,0.05025466893039049,0.2470288624787776,0.02359932088285229,0.011884550084889643,0.022071307300509338,0.12325976230899831,0.0045840407470288625,0.006281833616298811,0.10509337860780985,0.6563667232597623,0.17419354838709677,0.07792869269949067,0.044482173174872665,0.9959252971137521,0.04804753820033956,0.1439728353140917,439.0,02ML,M,25,1992.0,right,5.0,deaf,100,90- 119 dB (deep loss),genetic defect,yes,from birth,parents,,sub-02ML,Deaf,right,28.29621384513657,29.600221050507773,13.86040789337186
6047.0,0.010914503059368282,0.048949892508681994,0.01604101207210187,0.11675210848354556,0.04134281461881925,0.26575161236977013,0.02149826360178601,0.01273358690259633,0.0309244253348768,0.12237473127170498,0.003472796427980817,0.008930047957664958,0.1222093600132297,0.7476434595667273,0.16487514469985118,0.08218951546221266,0.054407144038366134,1.0175293533983794,0.05589548536464362,0.1632214321150984,489.0,03MM,M,29,1988.0,right,5.0,deaf,don't know,120 dB and more (total loss),genetic (deafness in close family),yes,when I went to primary school,friends,,sub-03MM,Deaf,left,40.90307123824641,43.66168028022907,10.304510706098556
6363.0,0.01382995442401383,0.04934779192204935,0.019487663052019488,0.1184975640421185,0.042432814710042434,0.22945151658022944,0.020902090209020903,0.012258368694012258,0.031274556027031275,0.1250982241081251,0.0044004400440044,0.008015087223008015,0.1195976740531196,0.6874115983026874,0.16313059877416314,0.07323589501807323,0.050605060506050605,0.9676253339619676,0.05374823196605375,0.14804337576614804,501.0,03MM,M,29,1988.0,right,5.0,deaf,don't know,120 dB and more (total loss),genetic (deafness in close family),yes,when I went to primary school,friends,,sub-03MM,Deaf,right,34.97844361639273,44.23607373928373,11.116713177396122
5575.0,0.025291479820627804,0.04304932735426009,0.013811659192825112,0.13417040358744395,0.05219730941704036,0.2685201793721973,0.017219730941704037,0.012197309417040359,0.025112107623318385,0.13506726457399104,0.005022421524663677,0.006995515695067265,0.10529147982062781,0.7144394618834081,0.15228699551569508,0.06762331838565022,0.03730941704035874,0.829237668161435,0.0557847533632287,0.12340807174887893,345.0,04DR,M,24,1990.0,right,4.0,deaf,don't know,90- 119 dB (deep loss),"deaf since birth, genetic defect",yes,from 2 yo,parents,,sub-04DR,Deaf,left,29.566686013693673,36.86941458657354,11.423151284277099
5610.0,0.025133689839572194,0.05008912655971479,0.01568627450980392,0.13903743315508021,0.050980392156862744,0.23493761140819963,0.016042780748663103,0.01229946524064171,0.022994652406417113,0.13333333333333333,0.0037433155080213902,0.00837789661319073,0.09750445632798574,0.6554367201426025,0.1607843137254902,0.06720142602495544,0.04135472370766488,0.8686274509803922,0.049376114081996436,0.12887700534759358,303.0,04DR,M,24,1990.0,right,4.0,deaf,don't know,90- 119 dB (deep loss),"deaf since birth, genetic defect",yes,from 2 yo,parents,,sub-04DR,Deaf,right,20.055833025102146,38.665823416288234,8.012465981341922
5611.0,0.016039921582605598,0.04402067367670647,0.016931028337194797,0.1377651042594903,0.07200142577080734,0.28800570308322937,0.019782569951880234,0.012119051862413117,0.022455890215647836,0.11851719836036358,0.003742648369274639,0.006594189983960079,0.13188379967920158,0.7059347709855641,0.1632507574407414,0.07592229549099982,0.04170379611477455,1.0320798431652112,0.053466405275351986,0.1395473177686687,263.0,04OS,F,32,1985.0,right,5.0,deaf,90,90- 119 dB (deep loss),genetic (deafness in close family) - deafness in the first-born for several generations,yes,from pre-school to 16 yo,father and grandparents (mother is not deaf),,sub-04OS,Deaf,left,31.7671364932117,42.75045730387609,10.924833589699372
5845.0,0.02035928143712575,0.05269461077844311,0.016424294268605647,0.15192472198460222,0.055260906757912745,0.26706586826347306,0.02001710863986313,0.011976047904191617,0.022925577416595382,0.11411462788708297,0.002737382378100941,0.007869974337040205,0.12472198460222413,0.6884516680923867,0.1594525235243798,0.07339606501283148,0.045851154833190765,0.9575705731394354,0.04841745081266039,0.13994867408041062,387.0,04OS,F,32,1985.0,right,5.0,deaf,90,90- 119 dB (deep loss),genetic (deafness in close family) - deafness in the first-born for several generations,yes,from pre-school to 16 yo,father and grandparents (mother is not deaf),,sub-04OS,Deaf,right,28.540214234975366,21.481399483206214,11.258113339704366
5541.0,0.024002887565421405,0.054502797329001984,0.014618299945858148,0.13788124887204475,0.04313300848222343,0.2506767731456416,0.020393430788666306,0.012633098718642844,0.027792817181014257,0.10990795885219275,0.0034289839379173436,0.008121277747698972,0.1413102328099621,0.9541598989352102,0.1941887745894243,0.07958852192744992,0.05215665042411117,1.1095470131745173,0.05576610720086627,0.1597184623714131,362.0,05MG,M,27,1987.0,right,5.0,deaf,don't know,90- 119 dB (deep loss),deaf since birth,yes,approx. 5 years,friends,,sub-05MG,Deaf,left,36.09873361835214,43.04838714997614,9.704006268024258
5499.0,0.024913620658301508,0.060192762320421894,0.01563920712856883,0.14566284779050737,0.048190580105473724,0.243135115475541,0.021640298236042917,0.013638843426077468,0.026550281869430807,0.12093107837788689,0.0032733224222585926,0.008365157301327515,0.1254773595199127,0.9807237679578105,0.1978541553009638,0.0856519367157665,0.054737224949990906,1.126022913256956,0.046917621385706494,0.16603018730678304,550.0,05MG,M,27,1987.0,right,5.0,deaf,don't know,90- 119 dB (deep loss),deaf since birth,yes,approx. 5 years,friends,,sub-05MG,Deaf,right,30.167101667377768,34.35069335313765,11.585616185043822
4537.0,0.021600176327970025,0.05488208067004629,0.01278377782675777,0.15781353317169936,0.05752700022040996,0.25787965616045844,0.019836896627727574,0.013004187789288076,0.02314304606568217,0.11637646021600176,0.003967379325545515,0.008595988538681949,0.12276834912938064,0.8194842406876791,0.1937403570641393,0.07229446770994048,0.04804937183160679,0.9433546396297112,0.0449636323561825,0.14326647564469913,407.0,06MG,F,36,1978.0,right,5.0,deaf,don't know,120 dB and more (total loss),deaf since birth,yes,only at school (13-15 years),friends,,sub-06MG,Deaf,left,26.54318702689005,34.12790943095652,10.886076490523585
4615.0,0.025568797399783315,0.0533044420368364,0.015167930660888408,0.15449620801733477,0.053737811484290354,0.23401950162513543,0.019284940411700976,0.010400866738894909,0.02145178764897075,0.1228602383531961,0.004767063921993499,0.009534127843986998,0.09750812567713976,0.8130010834236187,0.1791982665222102,0.06500541711809317,0.04550379198266522,0.9024918743228603,0.046803900325027084,0.13152762730227519,339.0,06MG,F,36,1978.0,right,5.0,deaf,don't know,120 dB and more (total loss),deaf since birth,yes,only at school (13-15 years),friends,,sub-06MG,Deaf,right,28.74254673941762,36.00440262312085,9.914301125475028
5824.0,0.020604395604395604,0.0521978021978022,0.013392857142857142,0.14217032967032966,0.05923763736263736,0.24502060439560439,0.024210164835164836,0.01098901098901099,0.023179945054945056,0.12311126373626374,0.003949175824175824,0.004120879120879121,0.11813186813186813,0.6943681318681318,0.1565934065934066,0.0731456043956044,0.046875,0.9043612637362637,0.05013736263736264,0.13925137362637363,387.0,06MZ,M,28,1986.0,right,4.0,deaf,don't know,90- 119 dB (deep loss),deaf since birth,yes,from 3 yo to 19 yo,siblings,,sub-06MZ,Deaf,left,29.733812968730376,39.07264972101698,13.93584210988691
6019.0,0.022595115467685663,0.05731849144376142,0.014952649941850806,0.17295231766074098,0.04552251204519023,0.23292905798305366,0.022927396577504568,0.010632995514205018,0.019272304369496594,0.1222794484133577,0.004319654427645789,0.007310184416015949,0.1197873400897159,0.7029406878218973,0.1496926399734175,0.07243728194052168,0.04735005814919422,0.8513042033560392,0.04685163648446586,0.14038876889848811,448.0,06MZ,M,28,1986.0,right,4.0,deaf,don't know,90- 119 dB (deep loss),deaf since birth,yes,from 3 yo to 19 yo,siblings,,sub-06MZ,Deaf,right,22.37703382683894,21.514333313353443,10.943214150652933
5588.0,0.016642806012884752,0.048317823908375086,0.015211166785969935,0.13976377952755906,0.05816034359341446,0.26664280601288476,0.023979957050823193,0.012347888332140301,0.021653543307086614,0.11256263421617753,0.005368647100930566,0.007516105941302791,0.09663564781675017,0.610236220472441,0.13976377952755906,0.07140300644237652,0.043843951324266286,0.8908375089477452,0.04670722977809592,0.13690050107372942,433.0,07DK,F,19,1995.0,right,5.0,deaf,don't know,120 dB and more (total loss),genetic (deafness in close family),yes,primary school - from time to time; 2014 - a few weeks,siblings,,sub-07DK,Deaf,left,24.156682163446426,31.607630300333525,11.254756190077071
5829.0,0.020929833590667354,0.05472636815920398,0.014410705095213588,0.15182707153885744,0.05644192828958655,0.25904957968776804,0.019728941499399553,0.01252358895179276,0.018699605421170013,0.10430605592726025,0.004460456338994682,0.006347572482415509,0.09246869102762052,0.6182878709898781,0.14256304683479157,0.06244638874592554,0.0331103105163836,0.8776805627037227,0.040658775090066906,0.11254074455309658,448.0,07DK,F,19,1995.0,right,5.0,deaf,don't know,120 dB and more (total loss),genetic (deafness in close family),yes,primary school - from time to time; 2014 - a few weeks,siblings,,sub-07DK,Deaf,right,24.181888176904174,24.995562174281652,9.295339774572135
4700.0,0.01702127659574468,0.04936170212765958,0.01723404255319149,0.12063829787234043,0.04893617021276596,0.26680851063829786,0.02297872340425532,0.012553191489361702,0.02127659574468085,0.12978723404255318,0.003829787234042553,0.008297872340425531,0.12212765957446808,0.8159574468085107,0.17957446808510638,0.08404255319148936,0.05276595744680851,0.9446808510638298,0.05,0.16382978723404254,401.0,07MZ,F,27,1986.0,right,5.0,deaf,don't know,120 dB and more (total loss),don't know,yes,for few years,friends,,sub-07MZ,Deaf,left,34.68122251948945,38.872565253565796,9.92732281161172
4852.0,0.017518549051937345,0.055028854080791424,0.01731244847485573,0.12922506183017313,0.043693322341302555,0.2565952184666117,0.021022258862324814,0.010717230008244023,0.022464962901896125,0.1224237427864798,0.0039159109645507005,0.007625721352019786,0.10469909315746084,0.7724649629018961,0.16467436108821104,0.07831821929101401,0.050082440230832644,0.8992168178070898,0.045960428689200326,0.15478153338829348,408.0,07MZ,F,27,1986.0,right,5.0,deaf,don't know,120 dB and more (total loss),don't know,yes,for few years,friends,,sub-07MZ,Deaf,right,27.857588461470474,31.374437323465862,9.909995698797452
5382.0,0.017837235228539576,0.05704199182460052,0.020252694165737644,0.13415087328130806,0.04626532887402453,0.24358974358974358,0.020810107766629504,0.011705685618729096,0.018023039762170196,0.1280193236714976,0.003530286138981791,0.008175399479747306,0.13210702341137123,0.741917502787068,0.17762913415087328,0.07766629505759941,0.051096246748420664,1.0293571163136381,0.046451133407655144,0.1505016722408027,427.0,08BS,F,27,1986.0,right,5.0,deaf,don't know,90- 119 dB (deep loss),genetic defect,yes,only at school (up to gimnazjum school),parents,,sub-08BS,Deaf,left,31.494946887527767,26.866444916420058,7.9792631645871115
5662.0,0.021723772518544685,0.06552454962910632,0.013952666902154716,0.15383256799717415,0.05157188272695161,0.2313670081243377,0.017661603673613566,0.010773578240904275,0.020487460261391734,0.12009890498057224,0.0026492405510420347,0.007594489579653832,0.122394913458142,0.7327799364182268,0.18421052631578946,0.07311903920876016,0.04344754503708937,0.9922288943836101,0.04521370540445072,0.13952666902154715,402.0,08BS,F,27,1986.0,right,5.0,deaf,don't know,90- 119 dB (deep loss),genetic defect,yes,only at school (up to gimnazjum school),parents,,sub-08BS,Deaf,right,31.30459875806422,26.3983199146866,11.515579409980557
6298.0,0.023499523658304225,0.057002222927913626,0.01651317878691648,0.1327405525563671,0.05620832010161956,0.2696093998094633,0.016671959352175292,0.013178786916481423,0.02667513496348047,0.11749761829152111,0.00476341695776437,0.010161956176563989,0.1392505557319784,0.6873610670053986,0.19418863131152747,0.08431248015242934,0.05446173388377262,1.1435376309939664,0.046046363925055574,0.16941886313115276,506.0,08JK,M,18,1996.0,right,5.0,deaf,110,90- 119 dB (deep loss),Natural cause,yes,from birth,parents,,sub-08JK,Deaf,left,32.413325337968416,41.167024031586315,12.188833153707046
6435.0,0.020512820512820513,0.05516705516705517,0.020512820512820513,0.13115773115773116,0.042890442890442894,0.2466200466200466,0.017404817404817405,0.0114996114996115,0.025796425796425798,0.11313131313131314,0.004351204351204351,0.006682206682206682,0.1191919191919192,0.6663558663558664,0.20341880341880342,0.08407148407148407,0.05299145299145299,1.1154623154623156,0.044755244755244755,0.16363636363636364,532.0,08JK,M,18,1996.0,right,5.0,deaf,110,90- 119 dB (deep loss),Natural cause,yes,from birth,parents,,sub-08JK,Deaf,right,26.79063329205245,34.307437791839156,13.86040789337186
5363.0,0.024426626887935857,0.06004102181614768,0.016781652060413946,0.14655976132761514,0.04512399776244639,0.2396046988625769,0.0214432220771956,0.010814842438933433,0.02386723848592206,0.1159798620175275,0.004102181614767854,0.007644974827521909,0.12176020883833676,0.6427372739138542,0.19746410591087077,0.08875629311952266,0.04754801417117285,1.2000745851202685,0.046988625769159055,0.16371433898937163,354.0,09PS,M,27,1986.0,right,5.0,deaf,120,120 dB and more (total loss),deaf since birth,yes,I wore hearing aids through elementary to gimnazjum school,parents,,sub-09PS,Deaf,left,33.89408792722139,44.90019148248847,13.63527396435033
5423.0,0.02636916835699797,0.06749031901161719,0.021574774110271068,0.1663286004056795,0.04609994468006638,0.2268117278259266,0.018808777429467086,0.011801585838096994,0.020837174995390007,0.11174626590448092,0.004609994468006639,0.009404388714733543,0.10695187165775401,0.5887884934538079,0.18661257606490872,0.09367508758989489,0.05366033560759727,1.172229393324728,0.04739074313110824,0.17647058823529413,324.0,09PS,M,27,1986.0,right,5.0,deaf,120,120 dB and more (total loss),deaf since birth,yes,I wore hearing aids through elementary to gimnazjum school,parents,,sub-09PS,Deaf,right,20.261233396938866,35.18875293535399,14.809088322398907
4852.0,0.025350370981038747,0.052555647155812034,0.016075845012366034,0.14117889530090685,0.04740313272877164,0.25061830173124483,0.025350370981038747,0.011747732893652102,0.022464962901896125,0.12159934047815334,0.00494641384995878,0.008656224237427864,0.11747732893652102,0.6951772464962902,0.1638499587798846,0.07605111294311624,0.04781533388293487,0.9018961253091509,0.0533800494641385,0.14921681780708987,417.0,10MB,F,32,1982.0,right,5.0,deaf,80,90- 119 dB (deep loss),genetic (deafness in close family),yes,from 2 yo,parents,,sub-10MB,Deaf,left,32.36705898207457,36.24160731064137,8.53259448457638
4855.0,0.017301750772399586,0.050669412976313076,0.014212152420185377,0.1400617919670443,0.04490216271884655,0.2473738414006179,0.024098867147270855,0.01380020597322348,0.020185375901132854,0.12461380020597322,0.005561277033985582,0.008444902162718846,0.10381050463439753,0.6203913491246138,0.17075180226570547,0.0737384140061792,0.04737384140061792,0.8696189495365603,0.05252317198764161,0.1443872296601442,423.0,10MB,F,32,1982.0,right,5.0,deaf,80,90- 119 dB (deep loss),genetic (deafness in close family),yes,from 2 yo,parents,,sub-10MB,Deaf,right,32.025345873107604,29.091219804269027,10.645919755446528
5048.0,0.021790808240887482,0.049722662440570525,0.014064976228209191,0.13094294770206022,0.05209984152139461,0.27614896988906495,0.022187004754358162,0.012876386687797147,0.022781299524564185,0.11113312202852615,0.0053486529318541995,0.007725832012678288,0.09984152139461172,0.6099445324881141,0.1731378763866878,0.071513470681458,0.042789223454833596,0.9536450079239303,0.04774167987321712,0.13688589540412044,365.0,10MG,F,35,1979.0,right,5.0,deaf,95,90- 119 dB (deep loss),genetic defect,no,10 years,parents,,sub-10MG,Deaf,left,22.915244725879486,46.832749997599144,8.454853549836228
5274.0,0.019150549867273416,0.04436860068259386,0.013272658323852863,0.14429275692074328,0.05252180508153204,0.24857792946530147,0.016496018202502846,0.012703830109973455,0.01687523701175578,0.12267728479332575,0.004361016306408798,0.008153204398938187,0.07318923018581722,0.58968524838832,0.170838073568449,0.06901782328403488,0.041903678422449755,0.9171406901782329,0.0428517254455821,0.13026166097838454,342.0,10MG,F,35,1979.0,right,5.0,deaf,95,90- 119 dB (deep loss),genetic defect,no,10 years,parents,,sub-10MG,Deaf,right,25.67274122542321,27.497750010019775,6.235742709445253
6038.0,0.025836369658827428,0.05382577012255714,0.016561775422325273,0.151374627360053,0.04272938058959921,0.259523020867837,0.02070221927790659,0.011262007287181186,0.02302086783703213,0.11676051672739318,0.004140443855581318,0.007121563431599868,0.13547532295462072,0.7969526333222922,0.15402451142762505,0.07419675389201723,0.04173567406425969,0.9032792315336204,0.04438555813183173,0.13895329579330903,441.0,11ML,F,25,1992.0,right,5.0,deaf,don't know,120 dB and more (total loss),genetic defect,yes,from 7 yo to 19 yo,parents,,sub-11ML,Deaf,left,27.63398220168123,30.75676545538992,13.808732713392164
6336.0,0.030776515151515152,0.05555555555555555,0.01893939393939394,0.16982323232323232,0.046875,0.23816287878787878,0.02241161616161616,0.01231060606060606,0.0211489898989899,0.09580176767676768,0.0031565656565656565,0.007733585858585859,0.11063762626262626,0.7446338383838383,0.16382575757575757,0.06786616161616162,0.041193181818181816,0.8705808080808081,0.045770202020202023,0.13005050505050506,349.0,11ML,F,25,1992.0,right,5.0,deaf,don't know,120 dB and more (total loss),genetic defect,yes,from 7 yo to 19 yo,parents,,sub-11ML,Deaf,right,36.91127048741289,33.842265819011935,12.322274701190565
6496.0,0.019704433497536946,0.05680418719211822,0.013084975369458128,0.14039408866995073,0.04664408866995074,0.2757081280788177,0.01770320197044335,0.011853448275862068,0.02185960591133005,0.0977524630541872,0.003232758620689655,0.008774630541871921,0.1165332512315271,0.7352216748768473,0.15501847290640394,0.07389162561576355,0.04217980295566502,0.9853756157635468,0.04264162561576355,0.13592980295566504,381.0,11MT,M,20,1994.0,left,5.0,deaf,120,90- 119 dB (deep loss),deaf since birth,yes,when I was 12 yo,parents,,sub-11MT,Deaf,left,30.7147158456976,36.54240566359487,13.297742894499638
6178.0,0.01618646811265782,0.05163483327937844,0.013920362576885724,0.15603755260602137,0.047426351570087406,0.25849789575914534,0.01715765619941729,0.011006798316607317,0.023470378763353835,0.12593072191647783,0.003399158303658142,0.007445775331822596,0.09582389122693429,0.7685335059889932,0.16655875687924895,0.07300097118808677,0.04159922304953059,1.0631272256393656,0.04661702816445452,0.13661379087083197,480.0,11MT,M,20,1994.0,left,5.0,deaf,120,90- 119 dB (deep loss),deaf since birth,yes,when I was 12 yo,parents,,sub-11MT,Deaf,right,32.99343462842792,33.974228952267794,9.831100663522559
5002.0,0.02379048380647741,0.05557776889244302,0.018992403038784487,0.16933226709316274,0.05297880847660936,0.22910835665733706,0.021591363454618154,0.009596161535385846,0.02219112355057977,0.1291483406637345,0.0027988804478208716,0.007796881247501,0.09596161535385846,0.6125549780087964,0.16453418632546982,0.06517393042782887,0.0429828068772491,0.905437824870052,0.046581367453018795,0.13134746101559377,378.0,14KN,F,35,1982.0,right,4.0,deaf,120,,deaf since birth,yes,for 4 years,friends,,sub-14KN,Deaf,left,19.419572568534374,35.039286499598134,9.880173922324689
5228.0,0.023909716908951797,0.060826319816373375,0.013771996939556235,0.18534812547819435,0.051262433052792655,0.23010711553175212,0.015302218821729151,0.011094108645753635,0.018171384850803367,0.10328997704667177,0.0034429992348890587,0.008224942616679418,0.08301453710788065,0.603672532517215,0.15780413159908185,0.0571920428462127,0.041124713083397095,0.8397092578423871,0.04475899005355777,0.11744452945677124,365.0,14KN,F,35,1982.0,right,4.0,deaf,120,,deaf since birth,yes,for 4 years,friends,,sub-14KN,Deaf,right,27.557456540207383,22.85804686733647,8.070814497676137
4976.0,0.018890675241157555,0.05164790996784566,0.018488745980707395,0.1197749196141479,0.05305466237942122,0.2733118971061093,0.02612540192926045,0.012660771704180064,0.022709003215434082,0.12821543408360128,0.0042202572347266884,0.007234726688102894,0.1258038585209003,0.7785369774919614,0.1917202572347267,0.08701768488745981,0.04823151125401929,1.01266077170418,0.05305466237942122,0.1629823151125402,326.0,14KS,F,32,1982.0,right,5.0,deaf,115,90- 119 dB (deep loss),bacterial meningitis,yes,from 2 yo,friends,,sub-14KS,Deaf,left,19.882818773818602,40.28602938642598,11.257555849181813
5129.0,0.023786313121466174,0.05634626632871905,0.015597582374731916,0.12906999415090661,0.05127705205693118,0.2632092025736011,0.02242152466367713,0.012868005459153831,0.02261649444336128,0.1214661727432248,0.002924546695262234,0.009943458763891596,0.11873659582764672,0.6695262234353675,0.19789432637941118,0.08305712614544745,0.05088711249756288,0.9871319945408462,0.05322674985377267,0.1585104308832131,370.0,14KS,F,32,1982.0,right,5.0,deaf,115,90- 119 dB (deep loss),bacterial meningitis,yes,from 2 yo,friends,,sub-14KS,Deaf,right,27.4062452256274,27.29114601936157,11.998402424849395
5786.0,0.021949533356377463,0.0561700656757691,0.016418942274455582,0.15675769097822329,0.058935361216730035,0.253024541997926,0.016073280331835464,0.011925337020394054,0.024541997926028344,0.1094020048392672,0.0024196335983408227,0.0074317317663325265,0.13342550985136536,0.7879363982025579,0.17092983062564812,0.08520566885585897,0.051330798479087454,0.9232630487383339,0.049256826823366746,0.1609056342896647,381.0,15DO,M,33,1984.0,right,4.0,deaf,don't know,90- 119 dB (deep loss),deaf since birth,yes,since childhood,friends,,sub-15DO,Deaf,left,25.731682128912237,38.78019638605576,15.35316094035451
5843.0,0.022419989731302412,0.060414170802669864,0.016258771179188773,0.1788464829710765,0.059729590963546124,0.23857607393462263,0.018997090535683724,0.011295567345541675,0.02344685948998802,0.10200239602943693,0.00308060927605682,0.007188088310799247,0.10987506417935992,0.7901762793085744,0.16293000171144958,0.07684408694163956,0.052028067773404074,0.9303440013691596,0.04826287865822351,0.15231901420503166,429.0,15DO,M,33,1984.0,right,4.0,deaf,don't know,90- 119 dB (deep loss),deaf since birth,yes,since childhood,friends,,sub-15DO,Deaf,right,21.13980474380625,37.41530031742126,10.821573713653738
5570.0,0.01903052064631957,0.06104129263913824,0.014901256732495512,0.1673249551166966,0.07648114901256732,0.22908438061041292,0.017055655296229804,0.010412926391382405,0.014183123877917415,0.11023339317773788,0.004129263913824057,0.009515260323159785,0.11795332136445243,0.6863554757630161,0.1644524236983842,0.07612208258527828,0.04560143626570916,1.0272890484739676,0.05457809694793537,0.14290843806104128,598.0,15WS,M,36,1978.0,right,4.0,hard of hearing,80,90- 119 dB (deep loss),don't know,yes,from 4 yo,friends,,sub-15WS,Deaf,left,36.1305998029075,49.229574949843816,12.55093540676198
5796.0,0.023291925465838508,0.061076604554865424,0.01466528640441684,0.17736369910282954,0.05831608005521049,0.24758454106280192,0.021739130434782608,0.011732229123533472,0.017943409247757072,0.11128364389233955,0.003795721187025535,0.010006901311249138,0.10938578329882678,0.6928916494133885,0.15821256038647344,0.07211870255348517,0.03881987577639751,0.9710144927536232,0.04710144927536232,0.13198757763975155,513.0,15WS,M,36,1978.0,right,4.0,hard of hearing,80,90- 119 dB (deep loss),don't know,yes,from 4 yo,friends,,sub-15WS,Deaf,right,22.302206502088374,29.46237758896149,13.1719420614624
5266.0,0.016141283706798328,0.0651348271933156,0.016141283706798328,0.1426129889859476,0.059817698442840864,0.24952525636156475,0.017470565894417017,0.011203949867071782,0.019559437903532092,0.10007595898214965,0.004557538928978352,0.010634257500949488,0.12780098746676793,0.9840486137485758,0.21173566274211925,0.08868211165970376,0.051272312951006455,1.2293961260919104,0.05753892897835169,0.1712875047474364,597.0,16JJ,M,30,,,,,,,,,,,,sub-16JJ,Control,left,37.47862857860329,42.86666839413495,12.358657663001226
5382.0,0.022482348569305092,0.0694908955778521,0.013935340022296544,0.17001114827201783,0.06373095503530286,0.21460423634336678,0.022296544035674472,0.011148272017837236,0.019881085098476404,0.12170196952805648,0.004830917874396135,0.00947603121516165,0.1389817911557042,0.8030471943515421,0.18896321070234115,0.08900037160906726,0.05276848755109625,1.2015979189892234,0.061872909698996656,0.16908212560386474,555.0,16JJ,M,30,,,,,,,,,,,,sub-16JJ,Control,right,36.87220484386934,32.21770227201261,12.014862033537877
4900.0,0.022040816326530613,0.060408163265306125,0.01693877551020408,0.14877551020408164,0.06714285714285714,0.24,0.014489795918367347,0.011428571428571429,0.022448979591836733,0.12714285714285714,0.002653061224489796,0.0067346938775510205,0.09959183673469388,0.7491836734693877,0.12244897959183673,0.07326530612244898,0.03979591836734694,0.9202040816326531,0.04653061224489796,0.13306122448979593,375.0,17MF,F,26,,,,,,,,,,,,sub-17MF,Control,left,40.92851391030703,25.317614009728622,5.956542577920457
5145.0,0.02312925170068027,0.06355685131195335,0.012244897959183673,0.16695821185617105,0.05811467444120506,0.21574344023323616,0.01652089407191448,0.009718172983479106,0.019825072886297375,0.11078717201166181,0.00038872691933916425,0.006997084548104956,0.09076773566569485,0.7500485908649174,0.12206025267249757,0.07055393586005831,0.044897959183673466,0.8478134110787172,0.04314868804664723,0.1360544217687075,413.0,17MF,F,26,,,,,,,,,,,,sub-17MF,Control,right,35.8801027094726,24.04827713813185,5.90563429341083
5543.0,0.018040772145047807,0.04961212339888147,0.013350171387335378,0.12899152083709184,0.058091286307053944,0.26285405015334656,0.022370557459859282,0.012808948222983944,0.020025257081003067,0.12033195020746888,0.00469060075771243,0.006855493415118167,0.1053581093270792,0.6998015515064044,0.16759877322749414,0.07883817427385892,0.05087497744903482,0.9875518672199171,0.045462745805520476,0.1555114558903121,430.0,18KC,F,19,,,,,,,,,,,,sub-18KC,Control,left,28.11796281071219,44.50993733598966,12.580704477711183
5702.0,0.021396001403016486,0.046474921080322695,0.013153279551034725,0.14328305857593826,0.05050859347597334,0.2602595580498071,0.02279901788846019,0.012802525429673799,0.020869870220975098,0.11381971238162049,0.004559803577692038,0.00701508242721852,0.10084180989126622,0.6873027008067345,0.1611715187653455,0.07313223430375307,0.04682567520168362,0.9291476674850929,0.04752718344440547,0.14135391090845317,412.0,18KC,F,19,,,,,,,,,,,,sub-18KC,Control,right,24.06239548270709,23.429707535543614,9.651612617670722
5987.0,0.023216970101887422,0.06881576749624185,0.018707198931017206,0.14347753465842658,0.05194588274594956,0.2408551862368465,0.01603474194087189,0.012193085017537998,0.024386170035075996,0.1217638216134959,0.004676799732754301,0.008351428094204109,0.13662936362117922,0.760146985134458,0.17003507599799567,0.08952730916986805,0.05161182562218139,0.9559044596626023,0.05161182562218139,0.17036913312176383,457.0,19MS,M,26,,,,,,,,,,,,sub-19MS,Control,left,35.76873277414089,43.51834527159734,12.76961950489569
5842.0,0.024306744265662445,0.06658678534748373,0.01763094830537487,0.16141732283464566,0.05734337555631633,0.22731941116056145,0.013865114686751112,0.010612803834303321,0.022766175967134542,0.1126326600479288,0.003765833618623759,0.00907223553577542,0.1109209174940089,0.8077713111947963,0.18863402944197194,0.09157822663471414,0.0515234508729887,0.9551523450872988,0.05083875385142075,0.16518315645326942,442.0,19MS,M,26,,,,,,,,,,,,sub-19MS,Control,right,28.44769989038597,35.36874179821248,12.802098235717207
6319.0,0.020572875454977053,0.05792055705016617,0.015350530147175186,0.17692672891280267,0.05222345307801867,0.2324734926412407,0.018832093685709764,0.011710713720525399,0.025162209210318087,0.11663237854090837,0.002848551986073746,0.008229150181990821,0.1487577148282956,0.7963285329957271,0.1761354644722266,0.08134198449121696,0.04700110777021681,1.0607691090362399,0.04573508466529514,0.15065674948567812,462.0,20JR,M,20,,,,,,,,,,,,sub-20JR,Control,left,33.050174369048456,32.9641751384696,10.351425010211923
6457.0,0.021217283568220537,0.06396159207062103,0.01657116307882918,0.18956171596716742,0.05482422177481803,0.2604924887718755,0.01935883537246399,0.012389654638376955,0.02137215425120025,0.10329874554746786,0.0034071550255536627,0.008517887563884156,0.1415518042434567,0.7714108719219451,0.1763977079138919,0.0765061173919777,0.045531980796035314,1.0145578442000929,0.04398327396623819,0.142481028341335,525.0,20JR,M,20,,,,,,,,,,,,sub-20JR,Control,right,37.2747805361293,36.49176140171071,10.705532584439876
5491.0,0.01730103806228374,0.05791294846111819,0.017665270442542343,0.13531232926607176,0.04243307230012748,0.23165179384447276,0.020032780914223274,0.011473319978146056,0.021307594245128392,0.13403751593516663,0.00437078856310326,0.006374066654525588,0.1238390092879257,0.7484975414314332,0.159533782553269,0.07885631032598799,0.042979420870515386,0.9701329448187944,0.04898925514478237,0.14223274449098525,397.0,21MB,F,21,,,,,,,,,,,,sub-21MB,Control,left,31.743998048701624,33.19340795159901,10.181653825574816
5547.0,0.022714981070849107,0.060753560483144044,0.016224986479177934,0.15648098071029384,0.043446908238687576,0.2300342527492338,0.019830539030106363,0.010095547142599604,0.016224986479177934,0.13178294573643412,0.0034252749233820083,0.007030827474310438,0.11429601586443122,0.7270596718947179,0.1535965386695511,0.07625743645213628,0.04056246619794483,0.9740400216333153,0.04921579232017307,0.13719127456282676,431.0,21MB,F,21,,,,,,,,,,,,sub-21MB,Control,right,30.98188598830833,33.5923261591304,11.344118032821086
5177.0,0.015646127100637435,0.05447170175777477,0.017191423604404094,0.14390573691327024,0.06007340158392892,0.2592234885068573,0.01912304423411242,0.01216920996716245,0.02607687850106239,0.10971605176743288,0.002124782692679158,0.007533320455862469,0.12401004442727448,0.6884295924280471,0.18485609426308672,0.08054858025883717,0.04790419161676647,0.9281437125748503,0.054664863820745604,0.15163221943210353,429.0,22MO,F,37,,,,,,,,,,,,sub-22MO,Control,left,33.16951841288224,28.719091924526737,10.004089067440459
5200.0,0.021153846153846155,0.06653846153846153,0.017115384615384616,0.16653846153846155,0.04692307692307692,0.2448076923076923,0.0175,0.013653846153846154,0.02423076923076923,0.1148076923076923,0.002692307692307692,0.008846153846153846,0.11653846153846154,0.6940384615384615,0.18980769230769232,0.07173076923076924,0.04903846153846154,0.8965384615384615,0.05153846153846154,0.14115384615384616,495.0,22MO,F,37,,,,,,,,,,,,sub-22MO,Control,right,26.91277464691056,27.578443095007128,8.087847750559074
4901.0,0.025913078963476843,0.05876351764945929,0.015711079371556826,0.15098959396041625,0.055090797796368086,0.2566823097327076,0.01856763925729443,0.013670679453172822,0.02428075902876964,0.11201795551928177,0.005100999795960008,0.008569679657212814,0.1356865945725362,0.6892470924301163,0.20628443174862274,0.08161599673536013,0.047133238114670475,1.0852887165884513,0.051622117935115286,0.15425423382983064,474.0,23ZS,F,23,,,,,,,,,,,,sub-23ZS,Control,left,33.033430335533254,42.04118858923355,15.35316094035451
5054.0,0.024732884843688168,0.06133755441234666,0.01701622477245746,0.16561139691333598,0.051444400474871387,0.24159081915314604,0.016224772457459437,0.01444400474871389,0.021171349426197073,0.10842896715472893,0.0031658092599920855,0.006331618519984171,0.11377127028096558,0.6822318955282944,0.18341907400079147,0.07756232686980609,0.04590423426988524,1.0096952908587258,0.053423031262366444,0.1485951721408785,507.0,23ZS,F,23,,,,,,,,,,,,sub-23ZS,Control,right,30.36985762211986,23.6821376395831,8.918307434995876
5200.0,0.019807692307692307,0.056346153846153844,0.016153846153846154,0.14903846153846154,0.046538461538461535,0.24634615384615385,0.022307692307692306,0.010384615384615384,0.026923076923076925,0.10711538461538461,0.005,0.008653846153846154,0.13096153846153846,0.6842307692307692,0.17384615384615384,0.07923076923076923,0.05076923076923077,0.9878846153846154,0.05692307692307692,0.155,399.0,24JK,M,31,,,,,,,,,,,,sub-24JK,Control,left,31.26072861183836,34.88452395858229,10.709006661590546
5190.0,0.018689788053949902,0.06493256262042389,0.018304431599229287,0.16859344894026976,0.03815028901734104,0.22813102119460502,0.021772639691714835,0.011560693641618497,0.023699421965317918,0.0930635838150289,0.005009633911368015,0.012138728323699421,0.1350674373795761,0.7263969171483622,0.17938342967244703,0.07842003853564547,0.04605009633911368,1.0339113680154142,0.05452793834296724,0.14759152215799615,426.0,24JK,M,31,,,,,,,,,,,,sub-24JK,Control,right,33.74959813869818,35.484648941415664,10.401222015464658
5161.0,0.01937608990505716,0.05793450881612091,0.018019763611703158,0.14415810889362526,0.05638442162371633,0.2360007750435962,0.02557643867467545,0.011431893043983725,0.028289091261383452,0.10695601627591551,0.004650261577213718,0.007169153264871149,0.1166440612284441,0.6925014532067428,0.17574113543886843,0.07517922883162177,0.04553381127688432,0.9230769230769231,0.048052702964541755,0.14338306529742298,402.0,25DZ,F,30,,,,,,,,,,,,sub-25DZ,Control,left,38.70403887526449,47.4880216402938,14.311214910855146
5305.0,0.020358152686145145,0.059754948162111216,0.020169651272384542,0.16192271442035816,0.05127238454288407,0.2295947219604147,0.023374175306314797,0.011875589066918001,0.02714420358152686,0.09820923656927427,0.005655042412818096,0.007351555136663525,0.1000942507068803,0.6490103675777569,0.17266729500471253,0.07766258246936852,0.044863336475023566,0.9455230914231857,0.046748350612629594,0.14627709707822809,394.0,25DZ,F,30,,,,,,,,,,,,sub-25DZ,Control,right,32.265280795799455,27.93324869456682,11.515579409980557
5606.0,0.01944345344273992,0.04905458437388512,0.012486621476988941,0.15786657153050304,0.05565465572600785,0.23528362468783445,0.0180164109882269,0.011773100249732429,0.026578665715305032,0.11880128433820906,0.005173028897609704,0.007491972886193364,0.12575811630396005,0.7392079914377453,0.17606136282554405,0.08829825187299323,0.048876204067070994,1.063146628612201,0.057438458794149126,0.1653585444166964,380.0,26NH,F,22,,,,,,,,,,,,sub-26NH,Control,left,34.21305674857662,41.54768595028271,9.58877328498382
5610.0,0.01942959001782531,0.055436720142602494,0.019251336898395723,0.14777183600713012,0.053475935828877004,0.24028520499108735,0.018538324420677363,0.01265597147950089,0.02727272727272727,0.12032085561497326,0.0037433155080213902,0.007664884135472371,0.12103386809269162,0.7149732620320856,0.16862745098039217,0.08609625668449197,0.05008912655971479,1.05222816399287,0.05276292335115865,0.16559714795008912,414.0,26NH,F,22,,,,,,,,,,,,sub-26NH,Control,right,26.98305622238092,41.0870505595333,10.973501995751032
5115.0,0.017204301075268817,0.06823069403714566,0.017008797653958945,0.17067448680351907,0.044965786901270774,0.26158357771261,0.024828934506353862,0.010361681329423266,0.016617790811339198,0.09970674486803519,0.002932551319648094,0.009579667644183774,0.1047898338220919,0.6392961876832844,0.16480938416422286,0.06979472140762463,0.04125122189638319,0.9857282502443793,0.047311827956989246,0.1335288367546432,464.0,27TW,M,32,,,,,,,,,,,,sub-27TW,Control,left,26.274169200242902,43.11474637836861,7.36759526978175
5192.0,0.017526964560862866,0.06991525423728813,0.017334360554699536,0.1885593220338983,0.03871340523882897,0.2424884437596302,0.021764252696456085,0.011171032357473035,0.016371340523882897,0.10458397534668722,0.002889060092449923,0.00847457627118644,0.09572419106317412,0.6679506933744221,0.17064714946070877,0.06741140215716487,0.042950693374422186,0.9722650231124808,0.04815100154083205,0.13347457627118645,452.0,27TW,M,32,,,,,,,,,,,,sub-27TW,Control,right,33.5145278467842,32.206322110508516,7.744679755074808
5708.0,0.018044849334267695,0.06166783461807989,0.01769446391030133,0.14856341976173792,0.06377014716187807,0.23913805185704276,0.01769446391030133,0.011913104414856343,0.019446391030133146,0.10651716888577435,0.004379817799579537,0.0075332866152768045,0.10143658023826209,0.6897337070777856,0.1590749824807288,0.06885073580939033,0.03661527680448493,0.9088997897687456,0.04765241765942537,0.12701471618780658,590.0,28MW,F,31,1986.0,right,5.0,deaf,120,90- 119 dB (deep loss),deaf since birth (mother contracted rubella when she was pregnant and I lost my hearing),yes,"daily, only at work",friends,,sub-28MW,Deaf,left,25.892600929116817,40.874312504535425,9.864762933439067
5802.0,0.022750775594622543,0.06377111340916926,0.018958979662185453,0.16321957945536023,0.05670458462599104,0.21423647018269562,0.016201309893140295,0.011030679076180628,0.021544295070665288,0.11478800413650465,0.003964150293002413,0.0062047569803516025,0.0973802137194071,0.6699413995174078,0.15442950706652878,0.06670113753877974,0.038090313684936226,0.9353671147880042,0.045156842468114446,0.12495691140985866,613.0,28MW,F,31,1986.0,right,5.0,deaf,120,90- 119 dB (deep loss),deaf since birth (mother contracted rubella when she was pregnant and I lost my hearing),yes,"daily, only at work",friends,,sub-28MW,Deaf,right,21.85625299191837,34.961294546058845,11.705858792862951
4533.0,0.01654533421575116,0.05559232296492389,0.016765938671961175,0.14515773218619016,0.05647474078976395,0.2327377013015663,0.02183984116479153,0.011471431722920804,0.02382528127068167,0.11383189940436797,0.003970880211780278,0.008382969335980588,0.13677476285020956,0.8513125965144496,0.18442532539157291,0.0915508493271564,0.053606882859033755,1.0057357158614604,0.044782704610633134,0.17074784910655194,266.0,29JJ,F,31,,,,,,,,,,,,sub-29JJ,Control,left,39.26889648377817,40.61658614914286,5.432636658330754
4838.0,0.016742455560148823,0.0597354278627532,0.020256304257957835,0.1670111616370401,0.04071930549813973,0.22261264985531212,0.024596940884663084,0.010748243075651096,0.028317486564696154,0.09466721785861927,0.003513848697809012,0.009094667217858619,0.11202976436544027,0.8732947498966515,0.1541959487391484,0.08143861099627946,0.04257957833815626,0.9394377842083506,0.04609342703596527,0.15233567589913188,301.0,29JJ,F,31,,,,,,,,,,,,sub-29JJ,Control,right,37.512061089683186,32.67135137304862,7.759307572151125
5021.0,0.020115514837681737,0.049990041824337784,0.015136427006572396,0.1344353714399522,0.04799840669189404,0.2533359888468433,0.019318860784704243,0.011949810794662417,0.023302131049591716,0.13184624576777534,0.004979087831109341,0.006970722963553077,0.10137422824138617,0.5791674965146385,0.1443935471021709,0.0762796255725951,0.04700258912567218,0.8560047799243179,0.0505875323640709,0.14558852818163712,371.0,30AP,F,45,1972.0,right/left,5.0,deaf,don't know,90- 119 dB (deep loss),don't know,no,don't know,parents,,sub-30AP,Deaf,left,29.263160758947862,40.29124573954009,14.94978558796154
5071.0,0.022677972786432656,0.04929994084007099,0.015775981068822716,0.14237822914612502,0.05521593374087951,0.23959771248274503,0.02287517254979294,0.01242358509169789,0.02524156971011635,0.12463025044369946,0.004929994084007099,0.005521593374087951,0.08262670084795898,0.6006704791954249,0.15085781897061723,0.07611910865706961,0.04436994675606389,0.8491421810293828,0.05068033918359298,0.14158943009268388,373.0,30AP,F,45,1972.0,right/left,5.0,deaf,don't know,90- 119 dB (deep loss),don't know,no,don't know,parents,,sub-30AP,Deaf,right,28.31655786158506,32.60974832704337,11.264163480675736
5384.0,0.023216939078751858,0.058692421991084695,0.015973254086181277,0.14765973254086182,0.040676077265973255,0.24182763744427935,0.01950222882615156,0.011144130757800892,0.023588410104011887,0.12017087667161962,0.005014858841010402,0.007429420505200594,0.12797176820208023,0.7067236255572066,0.18443536404160477,0.08228083209509658,0.048291233283803865,1.0473625557206538,0.05089153046062407,0.1563893016344725,447.0,31MC,F,28,,,,,,,,,,,,sub-31MC,Control,left,22.358962794369543,26.318584858261175,11.026372709467188
5515.0,0.022484134179510427,0.0685403445149592,0.020489573889392567,0.16373526745240255,0.0442429737080689,0.22810516772438802,0.017769718948322757,0.0114233907524932,0.023390752493200363,0.10806890299184044,0.002901178603807797,0.007978241160471442,0.10643699002719854,0.71441523118767,0.18676337262012693,0.0799637352674524,0.049320036264732546,1.0221214868540345,0.04750679963735267,0.15321849501359927,455.0,31MC,F,28,,,,,,,,,,,,sub-31MC,Control,right,21.555438052395573,29.94614561125979,7.610816719509189
5040.0,0.01488095238095238,0.046825396825396826,0.012301587301587301,0.14444444444444443,0.05376984126984127,0.25873015873015875,0.01746031746031746,0.01011904761904762,0.02142857142857143,0.13194444444444445,0.00376984126984127,0.007341269841269841,0.10595238095238095,0.5954365079365079,0.12956349206349208,0.06984126984126984,0.03948412698412698,0.9452380952380952,0.0494047619047619,0.13075396825396826,295.0,32PS,F,23,,,,,,,,,,,,sub-32PS,Control,left,23.165415138364697,30.1509374124668,8.371465842003737
5091.0,0.019053231192300138,0.04812414064034571,0.013160479277155765,0.16126497741111767,0.04792771557650756,0.24670988018071105,0.021017481830681594,0.01060695344725987,0.01767825574543312,0.11019446081319977,0.004517776468277352,0.007464152425849539,0.08898055391868002,0.6181496758986447,0.13926537026124533,0.06364172068355922,0.04026713808681988,0.9149479473580829,0.04223138872520134,0.1227656648988411,309.0,32PS,F,23,,,,,,,,,,,,sub-32PS,Control,right,23.794208343986863,17.91944220693636,7.4571629548660745
5521.0,0.024995471834812533,0.05234558956710741,0.019199420394856004,0.12533961238905994,0.05089657670711827,0.23437783010324217,0.016482521282376383,0.011592102879913059,0.022640825937330192,0.10921934432168086,0.004528165187466039,0.00815069733743887,0.11755116826661836,0.6819416772323854,0.15866690816881,0.08132584676689006,0.05506248867958703,0.8395218257562036,0.048904184024633215,0.16337619996377467,484.0,33TK,M,25,,,,,,,,,,,,sub-33TK,Control,left,28.786764248513492,47.12675770276928,7.707992256727014
5295.0,0.023040604343720492,0.06874409820585457,0.02020774315391879,0.14863078375826252,0.04419263456090652,0.230028328611898,0.01850802644003777,0.012464589235127478,0.021907459867799812,0.115014164305949,0.0035882908404154864,0.009065155807365438,0.1129367327667611,0.724268177525968,0.16770538243626062,0.07932011331444759,0.05155807365439093,0.876109537299339,0.04929178470254957,0.15637393767705382,456.0,33TK,M,25,,,,,,,,,,,,sub-33TK,Control,right,32.27809061223101,38.73091556373916,12.652043097387082
4847.0,0.010315659170621003,0.05075304311945533,0.016711367856406024,0.12626366824840107,0.050546729936042915,0.2502578914792655,0.022075510625128945,0.011759851454507943,0.021043944708066847,0.12915205281617495,0.0028883845677738808,0.008046214153084381,0.13637301423560966,0.904683309263462,0.16752630493088508,0.0792242624303693,0.04415102125025789,1.0899525479678152,0.04600783990096967,0.14421291520528162,378.0,K01MM,F,29,,,,,,,,,,,,sub-K01MM,Control,left,36.87274444308521,33.412057402865734,8.522854855155915
4736.0,0.018369932432432432,0.05848817567567568,0.016258445945945946,0.15603885135135134,0.05447635135135135,0.24936655405405406,0.020692567567567568,0.01245777027027027,0.01731418918918919,0.09628378378378379,0.0046452702702702705,0.008868243243243243,0.13133445945945946,0.9600929054054054,0.18391047297297297,0.07664695945945946,0.049408783783783786,1.1030405405405406,0.04560810810810811,0.15139358108108109,476.0,K01MM,F,29,,,,,,,,,,,,sub-K01MM,Control,right,21.053285182670344,33.10665563355492,7.82115962668197
6598.0,0.01333737496210973,0.03849651409518036,0.012428008487420431,0.11473173688996666,0.04228554107305244,0.27190057593210065,0.014095180357684147,0.009548347984237648,0.017277963019096697,0.13307062746286755,0.003637465898757199,0.004092149136101849,0.11639890876023037,0.6521673234313429,0.14534707487117307,0.06365565322825098,0.035162170354652925,0.8843588966353441,0.03925431949075477,0.1170051530766899,395.0,K02MP,M,19,,,,,,,,,,,,sub-K02MP,Control,left,38.639788538682055,43.624479696073365,11.709601346876354
6601.0,0.019391001363429784,0.04362975306771701,0.013331313437357975,0.12331464929556128,0.04317527647326163,0.25738524465990004,0.012422360248447204,0.00908953188910771,0.014846235418875928,0.11892137554915921,0.0018179063778215423,0.00409028935009847,0.10801393728222997,0.6595970307529162,0.13391910316618694,0.059839418269959095,0.03196485381002878,0.9019845477957885,0.043932737464020606,0.10892289047114073,454.0,K02MP,M,19,,,,,,,,,,,,sub-K02MP,Control,right,35.81021953586581,37.18378401453034,7.330548954520376
5152.0,0.022321428571428572,0.053959627329192544,0.017080745341614908,0.14576863354037267,0.04231366459627329,0.2529114906832298,0.02154503105590062,0.012422360248447204,0.018051242236024844,0.12616459627329193,0.003299689440993789,0.00718167701863354,0.1502329192546584,0.8301630434782609,0.17294254658385094,0.08773291925465838,0.055900621118012424,0.9805900621118012,0.042895962732919256,0.16983695652173914,376.0,K03LS,M,26,,,,,,,,,,,,sub-K03LS,Control,left,28.449550524393498,39.12923714744388,12.514989252103444
5340.0,0.018913857677902622,0.060299625468164794,0.013295880149812735,0.1707865168539326,0.05318352059925094,0.23258426966292134,0.02041198501872659,0.011048689138576779,0.018913857677902622,0.10767790262172285,0.0035580524344569287,0.00749063670411985,0.12602996254681648,0.8318352059925094,0.17228464419475656,0.07734082397003746,0.046254681647940075,0.9434456928838951,0.04344569288389513,0.1458801498127341,429.0,K03LS,M,26,,,,,,,,,,,,sub-K03LS,Control,right,23.06470770935225,29.271092232857754,10.248086789167816
4668.0,0.022279348757497857,0.05976863753213368,0.016709511568123392,0.16023993144815768,0.055269922879177376,0.2345758354755784,0.02377892030848329,0.010282776349614395,0.02442159383033419,0.12596401028277635,0.0038560411311053984,0.00921165381319623,0.15038560411311053,0.7052270779777207,0.19173093401885175,0.08847472150814054,0.055912596401028275,1.0844044558697514,0.055055698371893745,0.17245072836332476,320.0,K04ES,F,31,,,,,,,,,,,,sub-K04ES,Control,left,34.992925238825364,32.172423782968124,9.786170959616278
4768.0,0.020553691275167787,0.05809563758389262,0.015939597315436243,0.1531040268456376,0.06061241610738255,0.23678691275167785,0.022651006711409395,0.01174496644295302,0.025167785234899327,0.11954697986577181,0.005662751677852349,0.00776006711409396,0.11807885906040269,0.6898070469798657,0.17911073825503357,0.0824244966442953,0.05432046979865772,1.0348154362416107,0.05096476510067114,0.16275167785234898,318.0,K04ES,F,31,,,,,,,,,,,,sub-K04ES,Control,right,25.94556558593201,39.041633117360405,11.617117081732323
5435.0,0.02152713891444342,0.06329346826126955,0.01766329346826127,0.14719411223551057,0.051517939282428704,0.23624655013799448,0.02281508739650414,0.01343146274149034,0.025206991720331185,0.11830726770929163,0.005703771849126035,0.010119595216191352,0.12033118675252989,0.6785648574057038,0.17718491260349586,0.07709291628334866,0.05206991720331187,0.9453541858325667,0.05298988040478381,0.15400183992640296,462.0,K06KB,M,26,,,,,,,,,,,,sub-K06KB,Control,left,39.01941584839042,32.73061502081297,11.802505060651274
5657.0,0.024571327558776737,0.06699664132932649,0.018207530493194273,0.15768074951387662,0.06045607212303341,0.2407636556478699,0.021389429025985503,0.012904366271875552,0.022096517588828,0.11985151140180307,0.005126392080608096,0.008485062754109953,0.10995227152200814,0.6842849566908256,0.16687290083082906,0.0714159448470921,0.04649107300689411,0.8884567792115963,0.05320841435389782,0.13717518119144423,407.0,K06KB,M,26,,,,,,,,,,,,sub-K06KB,Control,right,35.09550690826503,36.47899824729763,11.581274291864547
5079.0,0.017129356172474897,0.04607206142941524,0.013388462295727505,0.13801929513683797,0.060838747784997045,0.24689899586532782,0.018901358535144713,0.011025792478834416,0.01831069108092144,0.12659972435518804,0.004922228785193936,0.0070880094506792675,0.10769836582004332,0.5505020673360898,0.1984642646190195,0.0744240992321323,0.04449694821815318,0.9421145894861194,0.046268950580823,0.14097263240795432,424.0,K07KB,F,26,,,,,,,,,,,,sub-K07KB,Control,left,37.715130821005914,33.0739531213731,9.991961068091683
4767.0,0.020977554017201593,0.049297251940423746,0.01342563457100902,0.131319488147682,0.06251311097126075,0.2777428151877491,0.020558002936857563,0.013006083490664988,0.02076777847702958,0.12313824208097336,0.0046150618837843506,0.008181246066708621,0.1000629326620516,0.619257394587791,0.19152506817705056,0.07824627648416195,0.04782882315921964,0.9817495280050346,0.047619047619047616,0.1525068177050556,442.0,K07KB,F,26,,,,,,,,,,,,sub-K07KB,Control,right,28.528805137084333,41.20419538424179,13.216349649341971
5484.0,0.016593727206418673,0.04631655725747629,0.015317286652078774,0.1400437636761488,0.0650984682713348,0.26932895696571846,0.018781911013858496,0.010393873085339168,0.020787746170678335,0.1163384390955507,0.0036469730123997084,0.006564551422319475,0.10922684172137126,0.5964624361779722,0.1613785557986871,0.0661925601750547,0.04139314369073669,0.8023340627279358,0.04795769511305616,0.1276440554339898,451.0,K08MP,F,26,,,,,,,,,,,,sub-K08MP,Control,left,30.311178600189262,37.77341427626119,9.045444878087778
5523.0,0.021546261089987327,0.050334962882491396,0.011950027159152634,0.16874886836864023,0.057939525620133984,0.244975556762629,0.02100307803729857,0.009053050878145934,0.020278833967046894,0.11117146478363209,0.003983342386384212,0.007061379684953829,0.10030780372985697,0.5638240086909289,0.1618685497012493,0.066811515480717,0.03910917979359044,0.7946768060836502,0.051783451022994746,0.12456998008328807,428.0,K08MP,F,26,,,,,,,,,,,,sub-K08MP,Control,right,26.103416541912903,26.057538438139716,10.38536749892501
6497.0,0.024934585193166076,0.06310604894566724,0.01600738802524242,0.14206556872402648,0.06402955210096968,0.25103894104971525,0.017854394335847314,0.011235955056179775,0.022779744497460366,0.11066646144374327,0.0036940126212097893,0.008157611205171618,0.14391257503463137,0.7763583192242574,0.15268585501000462,0.07911343697090965,0.051254425119285824,0.8959519778359243,0.051716176696937045,0.15514853009081114,579.0,K09JH,M,26,,,,,,,,,,,,sub-K09JH,Control,left,45.52683211227179,35.375072206969776,13.27640924508543
6343.0,0.023963424247201638,0.07157496452782595,0.021125650323190918,0.13148352514583006,0.043197225287718743,0.2500394135267224,0.01970676336118556,0.01024751694781649,0.024436386567870092,0.10736244679173892,0.004729623206684534,0.00882862998581113,0.13416364496295127,0.7914236165852121,0.15875768563771087,0.08308371433075831,0.05234116348730884,0.8946870565978243,0.049976351883966576,0.16175311366861106,515.0,K09JH,M,26,,,,,,,,,,,,sub-K09JH,Control,right,35.45147859931093,39.30654104686875,12.220598723896353
5903.0,0.01338302558021345,0.045570049127562254,0.016093511773674404,0.09876334067423344,0.042520752159918684,0.2871421311197696,0.01626291716076571,0.012874809418939523,0.01982043028968321,0.12942571573776046,0.004912756225647976,0.0064374047094697615,0.11502625783499916,0.6855836015585296,0.16381500931729628,0.06945620870743689,0.0374385905471794,0.9269862781636456,0.04794172454684059,0.12705404031848214,486.0,K10ED,M,26,,,,,,,,,,,,sub-K10ED,Control,left,34.642668714378246,39.400523999555126,11.86251304549788
5595.0,0.02359249329758713,0.05540661304736372,0.014655942806076854,0.1260053619302949,0.05397676496872207,0.2648793565683646,0.015728328865058087,0.013404825737265416,0.023056300268096516,0.11831992850759607,0.004289544235924933,0.007506702412868633,0.11760500446827525,0.6966934763181412,0.16496872207327973,0.07059874888293119,0.044682752457551385,0.9696157283288651,0.04754244861483468,0.13619302949061662,507.0,K10ED,M,26,,,,,,,,,,,,sub-K10ED,Control,right,27.95083952153058,38.41431669768291,8.935445012859347
4769.0,0.015516879849024954,0.06647095827217446,0.022855944642482702,0.160620675193961,0.053889704340532606,0.23233382260431956,0.02138813168379115,0.009435940448731391,0.025581882994338435,0.10211784441182638,0.004822814007129377,0.009855315579786118,0.1302159781924932,0.773747116795974,0.18557349549171734,0.08492346403858252,0.0486475152023485,1.0727615852379955,0.05850283078213462,0.15726567414552317,425.0,K11SLW,F,23,,,,,,,,,,,,sub-K11SLW,Control,left,29.475928741630433,37.04319012953974,13.189277441237202
4826.0,0.016369664318276005,0.07438872772482387,0.02403646912556983,0.14711976792374637,0.05304600082884376,0.23974305843348528,0.020513883133029424,0.014090343970161625,0.027351844177372565,0.11748860339825942,0.0037297969332780773,0.011603812681309573,0.10982179859096561,0.8021135515955242,0.17571487774554498,0.0855781185246581,0.04641525072523829,1.0250725238292582,0.0534604227103191,0.1576875259013676,452.0,K11SLW,F,23,,,,,,,,,,,,sub-K11SLW,Control,right,28.782449725500612,34.62818676391345,10.552521007150027
5069.0,0.019135924245413296,0.049319392385085814,0.014795817715525744,0.12428486881041625,0.06233971197474847,0.25843361609784965,0.020516867232195698,0.011836654172420595,0.02367330834484119,0.12882225290984414,0.003748273821266522,0.0072992700729927005,0.11777470901558493,0.7165121325705267,0.16985598737423555,0.08147563622016177,0.050305780232787534,1.0869994081672913,0.0497139475241665,0.15604655750641153,439.0,K12JW,F,23,,,,,,,,,,,,sub-K12JW,Control,left,26.362450001609147,32.443323181721674,15.35316094035451
4617.0,0.02295863114576565,0.055663850985488414,0.018193632228719947,0.1286549707602339,0.057179987004548405,0.26120857699805067,0.021659085986571368,0.013428633311674248,0.02664067576348278,0.14316655837123674,0.00411522633744856,0.01061295213341997,0.10742906649339398,0.774528914879792,0.20532813515269654,0.0807883907299112,0.04808317089018843,1.1776045050898851,0.05501407840589127,0.155079055663851,425.0,K12JW,F,23,,,,,,,,,,,,sub-K12JW,Control,right,20.0647463496146,29.283366946878605,9.282619109878365
5807.0,0.015154124332701911,0.05148958153952127,0.0160151541243327,0.1313931462028586,0.04511796108145342,0.26364732219734804,0.01980368520750818,0.010848975374547959,0.025658687790597556,0.12536593766144308,0.00447735491648011,0.008610297916307904,0.12622696745307388,0.7368692956776305,0.15929051145169623,0.0723265024969864,0.04649560874806268,0.9049423110039607,0.0521784053728259,0.14189770966075427,470.0,K13WR,F,22,,,,,,,,,,,,sub-K13WR,Control,left,37.0062218194559,40.38757786047046,11.753888340023796
5909.0,0.02115417160264004,0.0616009477068878,0.020138771365713317,0.1622948045354544,0.052800812320189544,0.2421729565070232,0.01929260450160772,0.011338635979015061,0.027585039769842612,0.10864782535115924,0.0038923675748857673,0.007953968522592655,0.11287865967168725,0.7211034015907937,0.16703333897444575,0.07581655102386191,0.045354543916060246,0.8717211034015908,0.050600778473514976,0.14435606701641562,496.0,K13WR,F,22,,,,,,,,,,,,sub-K13WR,Control,right,34.9672032441096,33.29002988687283,8.362525028501103
5536.0,0.018605491329479768,0.06448699421965318,0.015895953757225433,0.1905708092485549,0.05888728323699422,0.19960260115606937,0.024566473988439308,0.010657514450867052,0.02348265895953757,0.12301300578034682,0.004515895953757226,0.008851156069364163,0.15823699421965318,0.846278901734104,0.20881502890173412,0.085621387283237,0.04732658959537572,1.059429190751445,0.0476878612716763,0.15823699421965318,619.0,K14MZ,M,34,,,,,,,,,,,,sub-K14MZ,Control,left,42.42091312075114,48.661755261277214,12.811581682462148
6006.0,0.027306027306027308,0.06260406260406261,0.015817515817515816,0.19647019647019648,0.06060606060606061,0.2087912087912088,0.017649017649017648,0.01098901098901099,0.02197802197802198,0.10589410589410589,0.004162504162504163,0.006327006327006327,0.11272061272061272,0.7782217782217782,0.18847818847818848,0.07176157176157176,0.043456543456543456,1.0006660006660006,0.04395604395604396,0.1376956376956377,656.0,K14MZ,M,34,,,,,,,,,,,,sub-K14MZ,Control,right,33.19099590760277,40.7326716919875,11.785230793937389
5313.0,0.022774327122153208,0.05552418595896857,0.015057406361754188,0.14266892527762093,0.06305288913984566,0.21739130434782608,0.025221155655938264,0.010916619612271786,0.0261622435535479,0.10709580274797666,0.004517221908526256,0.009410878976096368,0.13438735177865613,0.7321663843402973,0.19292301900997552,0.08356860530773574,0.051571616789008096,1.0308676830415962,0.054771315640880856,0.1588556371165067,416.0,K15RF,F,31,,,,,,,,,,,,sub-K15RF,Control,left,28.894757765589617,43.73490280611965,10.111131776605877
5151.0,0.030479518540089304,0.0667831489031256,0.020966802562609202,0.16404581634634052,0.053387691710347504,0.22092797515045623,0.025431954960201904,0.012424771888953601,0.0219374878664337,0.11822947000582411,0.004076878276062901,0.0091244418559503,0.12094738885653271,0.7749951465734809,0.20889147738303243,0.08794408852649971,0.049699087555814404,1.0724131236653076,0.05901766647252961,0.163075131042516,437.0,K15RF,F,31,,,,,,,,,,,,sub-K15RF,Control,right,24.211306993567046,39.548825580371656,13.986247039302484
