Index,dist
0,54.72755478175847
1,40.004935806468225
2,25.355915756484368
3,19.534733808974067
4,8.684029712534267
5,3.8570282307061814
6,19.02241622762055
7,1.8268755434497133
8,37.42324576394387
9,12.387488019743357
10,29.241951111268733
11,14.81235170128817
12,35.096979661406074
13,27.413437821904445
14,11.2882092191953
15,8.972865969981697
16,12.057080822505139
17,2.5043029833431847
18,1.3068380054583735
19,1.477483031001507
20,2.1390344370203938
21,12.993151923731414
22,13.879540756974484
23,30.584343326363225
24,28.104181990097683
25,88.70992774953116
26,147.69148232997603
27,132.54452303583312
28,114.81605446714208
29,133.48708909901052
30,86.55942187785362
31,99.69532107019886
32,104.60138034455672
33,140.46093705859496
34,121.43293580305276
35,101.55015189492542
36,143.17199174375494
37,125.87259922037383
38,91.18708384167832
39,109.90752357835213
40,130.16218620560565
41,113.63919709933792
42,93.32634580698874
43,116.3282516287744
44,109.35071324996339
45,113.98191374784066
46,119.69330701012292
47,115.43281954564817
48,126.78512064665594
49,101.2098841975008
50,118.53961085341712
51,129.01008687494527
52,144.49596643548531
53,130.97393045342002
54,134.90979463068933
55,155.30818794787345
56,136.15847474180916
57,151.1077258427395
58,160.91592626924339
59,144.65753321109304
60,62.284762723180485
61,50.968231460052095
62,53.97582735479917
63,37.02269857255953
64,48.293095959692884
65,40.78561725791463
66,52.367494763025945
67,46.16762768366014
68,62.0165690040948
69,73.09272466022756
70,82.6515697191686
71,57.4083990058074
72,72.29394874433177
73,122.32213052357656
74,119.66523170397554
75,107.88240089493718
76,106.2484828542028
77,97.85016200004975
78,91.81202469932632
79,70.54903894879133
80,78.55698809893981
81,83.25739301754538
82,162.62444506496672
83,153.81706286724324
84,154.47321189578741
85,175.16900122128013
86,115.03203977148014
87,97.80072323093934
88,106.94428266739503
89,93.08557645778018
90,103.92778377117037
91,113.11455847370046
92,112.37702011698273
93,131.65837376747857
94,150.1216990363294
95,80.36972365337174
96,77.271018580272
97,71.93474755115865
98,87.10619322222274
99,98.11030317170908
100,117.84604819780424
101,147.72004180756213
102,166.97520907548093
103,171.0275518760781
104,92.88474085549909
105,106.41194247646304
106,127.12099869582995
107,125.96817586061789
108,96.64424698197145
109,95.92323441272413
110,97.48946962961207
111,117.80959765510113
112,90.67801969636244
113,145.83284499188622
114,74.61630062294985
115,75.23747724041597
116,57.78293480825159
117,73.29234468863179
118,56.0224236005746
119,78.7716664242425
120,89.164385623995
121,49.66468187012647
122,58.73692826182219
123,97.45203984012336
124,74.7356278310752
125,94.67794754901021
126,86.68498950523993
127,141.52372351776265
128,141.62293997379746
129,157.14476856311373
130,164.02215391117466
131,160.47229883639685
132,172.87546386088079
133,76.67970524924928
134,78.5650008669748
135,64.88337246677096
136,75.52662126133453
137,87.73234035656908
138,85.22090410230531
139,160.41234402768652
140,132.39476224821888
141,150.49942071239536
142,161.4032826780943
143,111.79068537312536
144,27.877558755833252
145,41.49923770572211
146,58.80546030638485
147,44.26825093020734
148,60.02680055630206
149,66.34593815256626
150,62.377435102259874
151,163.20338905075639
152,150.12254424536758
153,152.2287274571239
154,33.80389570448003
155,39.00492276150639
156,52.279591687521936
157,64.02998192713751
158,71.95868304153315
159,46.671830299309754
160,57.16514209437219
161,123.49630884281636
162,102.9820334681449
163,126.74795695565727
164,111.95885825339016
165,150.28449646636753
166,100.71432897691487
167,97.73632183059006
168,99.07301335652394
169,89.91830088244936
170,102.98551346535339
171,81.30444239751147
172,94.10419327579211
173,61.097577680377455
174,81.20204597635319
175,127.7634412452492
176,150.82942811687198
177,162.45016640494327
178,134.0518555861347
179,130.19231561012043
180,117.85797717352335
181,173.9939077978228
182,176.03704539364549
183,97.60086958479482
184,115.48136115277588
185,115.18418313789095
186,122.37172160176986
187,137.2077487552535
188,49.258725646816956
189,12.606118953843271
190,19.746565312480588
191,14.846626739812912
192,41.26717371969359
193,37.245829439079515
194,23.339120964423685
195,109.21343101397753
196,107.53853311556746
197,89.99974854377139
198,75.72936004656155
199,64.29276307786792
200,78.45119939870953
0,46.42497567426999
1,44.620827679764666
2,27.32500101845764
3,23.866679749774736
4,10.103933179822826
5,20.842305488935615
6,4.107645686218456
7,1.6874526167533568
8,16.18972319388738
9,8.080312366068377
10,29.75390995552978
11,12.109914706679689
12,28.076111674822013
13,27.032667657845913
14,12.69035018936135
15,8.454092243294497
16,7.746320393803037
17,4.005448133811934
18,1.5355703340487235
19,2.0538787885983822
20,11.325778014204648
21,11.109618573632357
22,25.872305830360574
23,31.939907862498224
24,113.3183210137357
25,131.0161378809284
26,152.4817143531572
27,110.09219772160601
28,84.90771258168024
29,133.43095320973535
30,140.639803612248
31,100.86863157473184
32,91.97196032164285
33,124.15421355052386
34,97.5176240777332
35,133.6074428245904
36,88.07821889156199
37,125.50195425347584
38,118.40230295678587
39,98.09751274422325
40,116.94602450203058
41,107.7028961550855
42,118.807842061352
43,105.08688617354238
44,97.06140407474238
45,113.21015260224559
46,106.64674969464653
47,108.96176842213623
48,116.30586038649912
49,116.68267235087262
50,117.12834101924334
51,124.62757337621818
52,123.99745630040499
53,136.26468072637397
54,129.8858965099688
55,134.8309075743059
56,160.93523645264133
57,142.4495205725782
58,153.2806612423061
59,46.769846802375156
60,53.35390140618602
61,41.4540403888745
62,42.14556551235486
63,56.66291699457975
64,37.93455951758857
65,47.60609631403807
66,53.134102068092005
67,42.28948906533973
68,62.741135048842374
69,55.026082426820864
70,74.70659536803397
71,68.59140877452764
72,66.29695190337765
73,58.038888770917616
74,122.01504370867458
75,110.59040449821869
76,88.13128138836042
77,99.3702610417125
78,89.19924704193049
79,69.44864339697584
80,81.9854931558603
81,86.52936508726586
82,149.862762141861
83,139.84778368016924
84,127.58049676303219
85,113.96400300002652
86,122.99881425080162
87,111.07745361352093
88,167.56425581769483
89,78.85492702987975
90,89.77638999268801
91,94.69516168209587
92,98.93027329772603
93,106.84672239224854
94,122.1764165435563
95,139.68454942202254
96,79.59156288928874
97,76.59942882754876
98,73.248254630376
99,96.59474044921059
100,74.92514469536363
101,83.88339699280964
102,100.724092567881
103,117.8797305139297
104,94.47715694656048
105,127.33354372389927
106,142.14082224891837
107,159.14210678539413
108,160.80365082208698
109,90.03273357580305
110,105.71575171807625
111,101.28055390359927
112,89.20456780770833
113,84.61995074613583
114,86.7903418773639
115,105.26434628977351
116,107.2316924017114
117,83.57377213592083
118,125.83076598490216
119,57.96231186641363
120,75.70261388894566
121,84.30699275568944
122,50.48148328380381
123,68.61227712393706
124,60.27886997934498
125,58.160701859354056
126,99.45050218644008
127,85.75832167074581
128,79.61720294103404
129,137.74850263520062
130,137.13285727776287
131,149.14500484152177
132,150.81655996284542
133,155.82494900904516
134,161.44528413560298
135,66.34180392337113
136,79.43976220191712
137,70.3233641904215
138,82.82514027058204
139,76.24763566566986
140,89.84692039844303
141,74.82616980296996
142,162.72614923703821
143,163.4909916203613
144,165.23752831430667
145,154.56016387907965
146,105.65607670093041
147,122.17994538710361
148,125.66506667780574
149,146.8313654946318
150,106.93488626950716
151,23.15291141333645
152,33.77071943720914
153,51.10189979388142
154,60.25607520014791
155,54.19171777447921
156,33.572133427170584
157,50.36509789415338
158,95.37754164445685
159,69.68088473996296
160,62.335560853788124
161,151.02873540835952
162,139.47034354445992
163,38.568073151999755
164,38.95142944292558
165,54.274640499985516
166,63.492776230892204
167,51.943707605781654
168,98.1588626560082
169,131.80861147724968
170,104.58048679678441
171,119.89767886394539
172,147.3409711093355
173,82.17495027969406
174,93.50186179402617
175,81.46352903127556
176,98.22481315734241
177,129.48464272656815
178,145.62450298624373
179,116.95252949870466
180,130.10814075588866
181,117.66032780081859
182,85.85310107683173
183,107.84156681636254
184,122.13293884345158
185,51.2111571814064
186,46.644828231648496
187,10.75584470417245
188,17.058754667758027
189,34.57931517302811
190,28.454656607981647
191,90.8674959586508
192,111.83065241669195
193,102.00281985764995
194,108.55989275915849
195,89.11527273357555
196,71.120882559612
197,81.62111560332843
198,98.04227460135188
199,76.04138025349084
200,89.8708719737805
