Subject	ParcelLabel	Voxels	Volume_mm3
sub-eb01	1	138	137.999741
sub-eb01	2	408	407.999237
sub-eb01	3	161	160.999710
sub-eb01	4	136	135.999756
sub-eb01	5	129	128.999756
sub-eb02	1	183	182.999878
sub-eb02	2	375	374.999756
sub-eb02	3	136	135.999908
sub-eb02	4	144	143.999908
sub-eb02	5	118	117.999924
sub-eb03	1	175	175.000076
sub-eb03	2	449	449.000214
sub-eb03	3	170	170.000076
sub-eb03	4	161	161.000076
sub-eb03	5	134	134.000061
sub-eb04	1	164	164.000641
sub-eb04	2	296	296.001160
sub-eb04	3	155	155.000610
sub-eb04	4	121	121.000473
sub-eb04	5	98	98.000389
sub-eb05	1	148	147.999863
sub-eb05	2	394	393.999634
sub-eb05	3	161	160.999847
sub-eb05	4	159	158.999847
sub-eb05	5	95	94.999908
sub-eb06	1	214	214.000336
sub-eb06	2	523	523.000793
sub-eb06	3	169	169.000259
sub-eb06	4	173	173.000275
sub-eb06	5	113	113.000175
sub-eb08	1	126	126.000633
sub-eb08	2	322	322.001617
sub-eb08	3	170	170.000854
sub-eb08	4	128	128.000641
sub-eb08	5	130	130.000656
sub-eb12	1	148	148.000107
sub-eb12	2	430	430.000305
sub-eb12	3	169	169.000122
sub-eb12	4	186	186.000137
sub-eb12	5	152	152.000107
sub-eb13	1	129	129.000519
sub-eb13	2	346	346.001404
sub-eb13	3	148	148.000595
sub-eb13	4	104	104.000420
sub-eb13	5	106	106.000427
sub-eb15	1	119	119.000114
sub-eb15	2	342	342.000336
sub-eb15	3	121	121.000114
sub-eb15	4	110	110.000107
sub-eb15	5	102	102.000099
sub-eb16	1	187	187.000381
sub-eb16	2	492	492.001007
sub-eb16	3	195	195.000397
sub-eb16	4	227	227.000458
sub-eb16	5	147	147.000305
sub-eb18	1	120	120.000214
sub-eb18	2	333	333.000610
sub-eb18	3	133	133.000244
sub-eb18	4	108	108.000191
sub-eb18	5	98	98.000175
sub-eb20	1	178	177.999741
sub-eb20	2	473	472.999329
sub-eb20	3	136	135.999802
sub-eb20	4	145	144.999786
sub-eb20	5	110	109.999840
sub-eb21	1	141	140.999512
sub-eb21	2	400	399.998627
sub-eb21	3	153	152.999466
sub-eb21	4	154	153.999466
sub-eb21	5	117	116.999596
sub-eb23	1	183	182.999634
sub-eb23	2	505	504.998993
sub-eb23	3	154	153.999695
sub-eb23	4	137	136.999725
sub-eb23	5	119	118.999763
sub-sc01	1	165	164.998856
sub-sc01	2	371	370.997437
sub-sc01	3	159	158.998901
sub-sc01	4	111	110.999229
sub-sc01	5	129	128.999115
sub-sc02	1	200	200.000046
sub-sc02	2	443	443.000092
sub-sc02	3	167	167.000046
sub-sc02	4	171	171.000046
sub-sc02	5	139	139.000031
sub-sc03	1	180	179.999649
sub-sc03	2	352	351.999298
sub-sc03	3	142	141.999725
sub-sc03	4	129	128.999741
sub-sc03	5	127	126.999748
sub-sc04	1	151	150.999008
sub-sc04	2	295	294.998047
sub-sc04	3	133	132.999115
sub-sc04	4	108	107.999283
sub-sc04	5	92	91.999390
sub-sc05	1	219	218.999496
sub-sc05	2	452	451.998962
sub-sc05	3	172	171.999603
sub-sc05	4	159	158.999634
sub-sc05	5	122	121.999718
sub-sc06	1	250	249.999268
sub-sc06	2	589	588.998291
sub-sc06	3	191	190.999435
sub-sc06	4	153	152.999557
sub-sc06	5	129	128.999619
sub-sc07	1	251	251.001053
sub-sc07	2	706	706.002930
sub-sc07	3	253	253.001053
sub-sc07	4	188	188.000778
sub-sc07	5	159	159.000656
sub-sc08	1	189	188.999191
sub-sc08	2	467	466.997986
sub-sc08	3	150	149.999359
sub-sc08	4	135	134.999420
sub-sc08	5	107	106.999542
sub-sc09	1	193	192.999939
sub-sc09	2	404	403.999878
sub-sc09	3	154	153.999954
sub-sc09	4	129	128.999954
sub-sc09	5	105	104.999969
sub-sc10	1	236	235.999496
sub-sc10	2	567	566.998779
sub-sc10	3	176	175.999619
sub-sc10	4	191	190.999588
sub-sc10	5	106	105.999771
sub-sc11	1	201	201.000549
sub-sc11	2	450	450.001221
sub-sc11	3	182	182.000504
sub-sc11	4	210	210.000580
sub-sc11	5	121	121.000328
sub-sc12	1	187	186.999237
sub-sc12	2	439	438.998230
sub-sc12	3	157	156.999359
sub-sc12	4	164	163.999329
sub-sc12	5	100	99.999596
sub-sc13	1	153	152.999832
sub-sc13	2	363	362.999603
sub-sc13	3	117	116.999878
sub-sc13	4	106	105.999886
sub-sc13	5	111	110.999878
sub-sc14	1	215	214.999237
sub-sc14	2	549	548.998047
sub-sc14	3	192	191.999329
sub-sc14	4	201	200.999298
sub-sc14	5	107	106.999626
sub-sc15	1	163	163.000168
sub-sc15	2	326	326.000336
sub-sc15	3	128	128.000137
sub-sc15	4	98	98.000107
sub-sc15	5	90	90.000099
sub-sc16	1	215	215.000458
sub-sc16	2	424	424.000916
sub-sc16	3	164	164.000351
sub-sc16	4	174	174.000366
sub-sc16	5	120	120.000259
sub-sc18	1	196	195.999954
sub-sc18	2	524	523.999878
sub-sc18	3	162	161.999954
sub-sc18	4	191	190.999954
sub-sc18	5	121	120.999969
sub-sc19	1	253	253.001389
sub-sc19	2	468	468.002563
sub-sc19	3	182	182.000992
sub-sc19	4	190	190.001038
sub-sc19	5	146	146.000793
sub-sc22	1	194	193.999405
sub-sc22	2	475	474.998566
sub-sc22	3	161	160.999512
sub-sc22	4	176	175.999466
sub-sc22	5	135	134.999588
