subject,group,surf_area_mm2,graymatter_volume,avg_thickness_mm,std_thickness_mm,mean_curvature,gausian_curvature,fold_index,curvature_index
sub-eb01,eb,681.75,1187.0,1.7582499999999999,0.51475,0.13899999999999998,0.031,14.25,1.4
sub-eb02,eb,921.75,1431.25,1.613,0.48350000000000004,0.14175,0.03475,17.5,2.3
sub-eb03,eb,901.25,1578.0,1.74,0.5037499999999999,0.12875,0.031,17.75,2.075
sub-eb04,eb,698.5,1076.5,1.53125,0.35,0.12975,0.028,12.0,1.3
sub-eb05,eb,725.75,1131.75,1.59225,0.46075,0.1305,0.03,14.25,1.55
sub-eb06,eb,909.75,1374.5,1.57375,0.474,0.128,0.02725,16.5,1.875
sub-eb08,eb,638.75,1141.0,1.75975,0.46925,0.13575,0.03125,10.75,1.325
sub-eb12,eb,754.5,1073.25,1.488,0.4095,0.13425,0.028,14.0,1.5
sub-eb13,eb,639.75,1012.0,1.61975,0.40525,0.14175,0.036000000000000004,12.75,1.5
sub-eb15,eb,648.75,1144.0,1.8045,0.4505,0.14225,0.035250000000000004,12.0,1.6
sub-eb16,eb,965.0,1579.75,1.62425,0.41575,0.1215,0.02525,15.75,1.725
sub-eb18,eb,683.0,924.5,1.45475,0.43625,0.14775,0.03775,14.5,1.7750000000000001
sub-eb20,eb,686.25,1092.0,1.6415000000000002,0.458,0.134,0.030750000000000003,12.75,1.525
sub-eb21,eb,620.5,924.75,1.5105,0.376,0.1205,0.0235,10.0,1.05
sub-eb23,eb,688.0,1232.0,1.7965,0.54025,0.12825,0.032,13.25,1.45
sub-pilot01,pi,850.75,1423.25,1.52325,0.73725,0.12025,0.025249999999999998,11.5,1.3499999999999999
sub-pilot02,pi,1101.75,1804.75,1.558,0.623,0.12975,0.02875,19.5,2.2
sub-pilot03,pi,877.25,1489.5,1.651,0.5447500000000001,0.126,0.03225,13.75,2.0
sub-pilot04,pi,1143.5,1751.0,1.50125,0.488,0.13825,0.033,19.75,2.5
sub-pilot05,pi,859.25,1485.0,1.55425,0.73625,0.12125,0.02575,12.0,1.425
sub-pilot07,pi,970.25,1353.75,1.3920000000000001,0.35475,0.125,0.02825,16.0,1.775
sub-pilot08,pi,960.0,1332.75,1.4035,0.4905,0.132,0.0305,16.0,1.875
sub-pilot09,pi,999.75,1548.75,1.48625,0.5725,0.1295,0.02975,17.0,1.9500000000000002
sub-pilot10,pi,1006.5,1563.75,1.4865,0.6345,0.134,0.03075,18.25,2.075
sub-sc01,sc,1077.0,1481.25,1.4795,0.4385,0.13975,0.03425,21.25,2.525
sub-sc02,sc,1011.0,1395.5,1.4529999999999998,0.57925,0.14475,0.04175,25.0,2.575
sub-sc03,sc,853.0,1198.0,1.45675,0.488,0.1265,0.0265,13.0,1.55
sub-sc04,sc,725.5,913.75,1.31425,0.38775000000000004,0.11950000000000001,0.025,11.0,1.25
sub-sc05,sc,783.25,1209.25,1.545,0.39275,0.112,0.0235,10.25,1.3
sub-sc06,sc,1232.25,1541.0,1.35275,0.392,0.1325,0.02825,21.0,2.375
sub-sc07,sc,1113.25,1406.5,1.361,0.39825,0.1325,0.03075,19.0,2.3
sub-sc08,sc,877.25,1192.5,1.4515,0.405,0.13375,0.034,16.25,2.0
sub-sc09,sc,789.5,1232.5,1.585,0.46875,0.11425,0.0245,11.75,1.425
sub-sc10,sc,1182.25,1588.75,1.39775,0.4455,0.1295,0.027,21.0,2.325
sub-sc11,sc,838.0,1240.25,1.53525,0.6545,0.12375,0.028,12.0,1.7
sub-sc12,sc,862.75,1139.75,1.3805,0.44,0.1215,0.02575,11.75,1.4500000000000002
sub-sc13,sc,697.75,1015.25,1.49375,0.44275,0.13675,0.0285,13.0,1.375
sub-sc14,sc,1099.75,1383.0,1.34725,0.40875,0.12475,0.02575,17.0,1.925
sub-sc15,sc,816.75,1089.25,1.384,0.354,0.121,0.02675,12.75,1.55
sub-sc16,sc,1000.75,1407.75,1.46875,0.38925,0.135,0.0285,17.0,1.95
sub-sc18,sc,1113.0,1558.5,1.4505,0.44775,0.12125,0.025500000000000002,17.0,2.0
sub-sc19,sc,958.0,1228.25,1.39675,0.40900000000000003,0.1395,0.034999999999999996,19.75,2.55
sub-sc21,sc,981.75,1434.0,1.42975,0.4155,0.121,0.0235,16.25,1.7
sub-sc22,sc,696.25,1039.25,1.526,0.42100000000000004,0.11975,0.025750000000000002,10.75,1.325
